2026-05-16 08:46:06.524 -06:00 [INF] HTTP GET /api/discounts responded 401 in 11.3907 ms
2026-05-16 08:46:06.538 -06:00 [INF] HTTP GET /api/discounts responded 401 in 0.7736 ms
2026-05-16 08:46:06.577 -06:00 [INF] HTTP POST /api/auth/refresh responded 401 in 18.1837 ms
2026-05-16 08:46:06.577 -06:00 [INF] HTTP POST /api/auth/refresh responded 401 in 20.0614 ms
2026-05-16 08:46:10.329 -06:00 [INF] HTTP POST /api/auth/login responded 200 in 330.7924 ms
2026-05-16 08:46:12.622 -06:00 [INF] HTTP GET /api/invoices/search responded 200 in 107.4917 ms
2026-05-16 08:46:12.637 -06:00 [INF] HTTP GET /api/invoices/search responded 200 in 8.8823 ms
2026-05-16 08:46:13.647 -06:00 [INF] HTTP GET /api/invoices/019e2e3b-47b7-7477-9368-45e150202706 responded 200 in 22.1000 ms
2026-05-16 08:46:13.734 -06:00 [INF] HTTP GET /api/invoices/019e2e3b-47b7-7477-9368-45e150202706/print responded 200 in 73.8524 ms
2026-05-16 08:46:22.745 -06:00 [INF] HTTP GET /api/discounts responded 200 in 5.4916 ms
2026-05-16 08:46:22.754 -06:00 [INF] HTTP GET /api/discounts responded 200 in 3.8604 ms
2026-05-16 08:46:26.310 -06:00 [INF] HTTP GET /api/guests responded 200 in 3.1470 ms
2026-05-16 08:46:26.937 -06:00 [INF] HTTP GET /api/guests/019e2d07-60e6-7fbc-b1d5-8be85059ff7a/stats responded 200 in 7.1471 ms
2026-05-16 08:46:35.491 -06:00 [INF] HTTP PUT /api/guests/019e2d07-60e6-7fbc-b1d5-8be85059ff7a responded 204 in 35.1872 ms
2026-05-16 08:46:41.378 -06:00 [INF] HTTP GET /api/rooms/available responded 200 in 7.6809 ms
2026-05-16 08:47:23.913 -06:00 [INF] HTTP POST /api/reservations responded 201 in 48.4277 ms
2026-05-16 08:47:23.969 -06:00 [INF] HTTP POST /api/reservations/checkin responded 200 in 46.7899 ms
2026-05-16 08:47:24.023 -06:00 [INF] HTTP GET /api/invoices/019e3141-9c3c-784a-899e-88d9f5129e5d/print responded 200 in 46.1194 ms
2026-05-16 09:16:41.599 -06:00 [INF] HTTP GET /api/discounts responded 200 in 214.8913 ms
2026-05-16 09:16:41.611 -06:00 [INF] HTTP GET /api/discounts responded 200 in 5.7246 ms
2026-05-16 09:33:31.510 -06:00 [INF] HTTP GET /api/guests responded 200 in 210.2511 ms
2026-05-16 09:33:32.186 -06:00 [INF] HTTP GET /api/guests/019e2cb2-4a37-7a7a-8ece-d68ad7c65368/stats responded 200 in 35.8621 ms
2026-05-16 09:50:21.354 -06:00 [INF] HTTP GET /api/discounts responded 401 in 1.6327 ms
2026-05-16 09:50:21.364 -06:00 [INF] HTTP GET /api/discounts responded 401 in 0.3630 ms
2026-05-16 09:50:21.373 -06:00 [INF] HTTP POST /api/auth/refresh responded 401 in 1.0221 ms
2026-05-16 09:50:21.405 -06:00 [INF] HTTP POST /api/auth/refresh responded 401 in 0.5774 ms
2026-05-16 09:50:25.363 -06:00 [INF] HTTP POST /api/auth/login responded 200 in 318.4299 ms
2026-05-16 09:50:27.075 -06:00 [INF] HTTP GET /api/discounts responded 200 in 9.7768 ms
2026-05-16 09:50:27.084 -06:00 [INF] HTTP GET /api/discounts responded 200 in 3.1693 ms
2026-05-16 09:50:32.204 -06:00 [INF] HTTP GET /api/guests responded 200 in 62.1116 ms
2026-05-16 09:50:33.060 -06:00 [INF] HTTP GET /api/guests/019e2cb2-4a37-7a7a-8ece-d68ad7c65368/stats responded 200 in 9.4591 ms
2026-05-16 09:50:50.657 -06:00 [INF] HTTP PUT /api/guests/019e2cb2-4a37-7a7a-8ece-d68ad7c65368 responded 204 in 37.2115 ms
2026-05-16 09:50:54.117 -06:00 [INF] HTTP GET /api/rooms/available responded 200 in 20.2106 ms
2026-05-16 09:51:20.698 -06:00 [INF] HTTP POST /api/reservations responded 201 in 83.7259 ms
2026-05-16 09:51:20.770 -06:00 [INF] HTTP POST /api/reservations/checkin responded 200 in 63.8860 ms
2026-05-16 09:51:20.840 -06:00 [INF] HTTP GET /api/invoices/019e317c-27b8-7457-a146-7bbdebaa5955/print responded 200 in 60.5563 ms
2026-05-16 10:30:35.030 -06:00 [INF] Starting Hotel ERP API
2026-05-16 10:30:36.511 -06:00 [WRN] Entity 'User' has a global query filter defined and is the required end of a relationship with the entity 'RefreshToken'. This may lead to unexpected results when the required entity is filtered out. Either configure the navigation as optional, or define matching query filters for both entities in the navigation. See https://go.microsoft.com/fwlink/?linkid=2131316 for more information.
2026-05-16 10:30:36.517 -06:00 [WRN] Entity 'Permission' has a global query filter defined and is the required end of a relationship with the entity 'RolePermission'. This may lead to unexpected results when the required entity is filtered out. Either configure the navigation as optional, or define matching query filters for both entities in the navigation. See https://go.microsoft.com/fwlink/?linkid=2131316 for more information.
2026-05-16 10:30:36.519 -06:00 [WRN] Entity 'Role' has a global query filter defined and is the required end of a relationship with the entity 'UserRole'. This may lead to unexpected results when the required entity is filtered out. Either configure the navigation as optional, or define matching query filters for both entities in the navigation. See https://go.microsoft.com/fwlink/?linkid=2131316 for more information.
2026-05-16 10:30:37.876 -06:00 [INF] Migrations applied successfully
2026-05-16 10:30:42.384 -06:00 [INF] HTTP GET /api/discounts responded 200 in 1328.4919 ms
2026-05-16 10:30:42.546 -06:00 [INF] HTTP GET /api/discounts responded 200 in 157.3018 ms
2026-05-16 10:30:43.962 -06:00 [INF] HTTP GET /api/guests responded 200 in 269.8939 ms
2026-05-16 10:30:44.975 -06:00 [INF] HTTP GET /api/guests/019e2d07-60e6-7fbc-b1d5-8be85059ff7a/stats responded 200 in 374.0120 ms
2026-05-16 10:30:58.334 -06:00 [INF] HTTP PUT /api/guests/019e2d07-60e6-7fbc-b1d5-8be85059ff7a responded 204 in 203.9960 ms
2026-05-16 10:31:06.046 -06:00 [INF] HTTP GET /api/rooms/available responded 200 in 318.4156 ms
2026-05-16 10:31:35.116 -06:00 [INF] HTTP POST /api/reservations responded 201 in 195.3298 ms
2026-05-16 10:31:35.598 -06:00 [INF] HTTP POST /api/reservations/checkin responded 200 in 472.8167 ms
2026-05-16 10:31:35.667 -06:00 [WRN] Compiling a query which loads related collections for more than one collection navigation, either via 'Include' or through projection, but no 'QuerySplittingBehavior' has been configured. By default, Entity Framework will use 'QuerySplittingBehavior.SingleQuery', which can potentially result in slow query performance. See https://go.microsoft.com/fwlink/?linkid=2134277 for more information. To identify the query that's triggering this warning call 'ConfigureWarnings(w => w.Throw(RelationalEventId.MultipleCollectionIncludeWarning))'.
2026-05-16 10:31:35.867 -06:00 [INF] HTTP GET /api/invoices/019e31a1-0037-7148-8623-a65ada138bf9/print responded 200 in 259.8904 ms
2026-05-16 10:51:12.590 -06:00 [INF] HTTP GET /api/discounts responded 200 in 275.3280 ms
2026-05-16 10:51:12.602 -06:00 [INF] HTTP GET /api/discounts responded 200 in 5.5308 ms
2026-05-16 10:57:01.560 -06:00 [INF] HTTP GET /api/guests responded 401 in 53.6127 ms
2026-05-16 10:57:01.705 -06:00 [INF] HTTP POST /api/auth/refresh responded 401 in 133.0672 ms
2026-05-16 10:57:06.117 -06:00 [WRN] Compiling a query which loads related collections for more than one collection navigation, either via 'Include' or through projection, but no 'QuerySplittingBehavior' has been configured. By default, Entity Framework will use 'QuerySplittingBehavior.SingleQuery', which can potentially result in slow query performance. See https://go.microsoft.com/fwlink/?linkid=2134277 for more information. To identify the query that's triggering this warning call 'ConfigureWarnings(w => w.Throw(RelationalEventId.MultipleCollectionIncludeWarning))'.
2026-05-16 10:57:06.300 -06:00 [INF] HTTP POST /api/auth/login responded 200 in 1018.5586 ms
2026-05-16 10:57:08.406 -06:00 [INF] HTTP GET /api/discounts responded 200 in 7.4664 ms
2026-05-16 10:57:08.414 -06:00 [INF] HTTP GET /api/discounts responded 200 in 2.7108 ms
2026-05-16 10:57:13.300 -06:00 [INF] HTTP GET /api/guests responded 200 in 61.9809 ms
2026-05-16 10:57:14.079 -06:00 [INF] HTTP GET /api/guests/019e2cb2-4a37-7a7a-8ece-d68ad7c65368/stats responded 200 in 11.4066 ms
2026-05-16 10:57:23.654 -06:00 [INF] HTTP PUT /api/guests/019e2cb2-4a37-7a7a-8ece-d68ad7c65368 responded 204 in 37.6721 ms
2026-05-16 10:57:26.853 -06:00 [INF] HTTP GET /api/rooms/available responded 200 in 47.8089 ms
2026-05-16 10:57:35.679 -06:00 [INF] HTTP POST /api/reservations responded 201 in 84.4239 ms
2026-05-16 10:57:35.770 -06:00 [INF] HTTP POST /api/reservations/checkin responded 200 in 79.6716 ms
2026-05-16 10:57:35.840 -06:00 [INF] HTTP GET /api/invoices/019e31b8-cf0d-78da-9590-f1087c26b552/print responded 200 in 57.8747 ms
2026-05-16 11:34:50.375 -06:00 [WRN] Entity 'User' has a global query filter defined and is the required end of a relationship with the entity 'RefreshToken'. This may lead to unexpected results when the required entity is filtered out. Either configure the navigation as optional, or define matching query filters for both entities in the navigation. See https://go.microsoft.com/fwlink/?linkid=2131316 for more information.
2026-05-16 11:34:50.441 -06:00 [WRN] Entity 'Permission' has a global query filter defined and is the required end of a relationship with the entity 'RolePermission'. This may lead to unexpected results when the required entity is filtered out. Either configure the navigation as optional, or define matching query filters for both entities in the navigation. See https://go.microsoft.com/fwlink/?linkid=2131316 for more information.
2026-05-16 11:34:50.441 -06:00 [WRN] Entity 'Role' has a global query filter defined and is the required end of a relationship with the entity 'UserRole'. This may lead to unexpected results when the required entity is filtered out. Either configure the navigation as optional, or define matching query filters for both entities in the navigation. See https://go.microsoft.com/fwlink/?linkid=2131316 for more information.
2026-05-16 11:35:05.491 -06:00 [INF] Starting Hotel ERP API
2026-05-16 11:35:07.027 -06:00 [WRN] Entity 'User' has a global query filter defined and is the required end of a relationship with the entity 'RefreshToken'. This may lead to unexpected results when the required entity is filtered out. Either configure the navigation as optional, or define matching query filters for both entities in the navigation. See https://go.microsoft.com/fwlink/?linkid=2131316 for more information.
2026-05-16 11:35:07.034 -06:00 [WRN] Entity 'Permission' has a global query filter defined and is the required end of a relationship with the entity 'RolePermission'. This may lead to unexpected results when the required entity is filtered out. Either configure the navigation as optional, or define matching query filters for both entities in the navigation. See https://go.microsoft.com/fwlink/?linkid=2131316 for more information.
2026-05-16 11:35:07.036 -06:00 [WRN] Entity 'Role' has a global query filter defined and is the required end of a relationship with the entity 'UserRole'. This may lead to unexpected results when the required entity is filtered out. Either configure the navigation as optional, or define matching query filters for both entities in the navigation. See https://go.microsoft.com/fwlink/?linkid=2131316 for more information.
2026-05-16 11:35:08.772 -06:00 [INF] Migrations applied successfully
2026-05-16 11:39:29.148 -06:00 [INF] Starting Hotel ERP API
2026-05-16 11:39:31.170 -06:00 [WRN] Entity 'User' has a global query filter defined and is the required end of a relationship with the entity 'RefreshToken'. This may lead to unexpected results when the required entity is filtered out. Either configure the navigation as optional, or define matching query filters for both entities in the navigation. See https://go.microsoft.com/fwlink/?linkid=2131316 for more information.
2026-05-16 11:39:31.178 -06:00 [WRN] Entity 'Permission' has a global query filter defined and is the required end of a relationship with the entity 'RolePermission'. This may lead to unexpected results when the required entity is filtered out. Either configure the navigation as optional, or define matching query filters for both entities in the navigation. See https://go.microsoft.com/fwlink/?linkid=2131316 for more information.
2026-05-16 11:39:31.180 -06:00 [WRN] Entity 'Role' has a global query filter defined and is the required end of a relationship with the entity 'UserRole'. This may lead to unexpected results when the required entity is filtered out. Either configure the navigation as optional, or define matching query filters for both entities in the navigation. See https://go.microsoft.com/fwlink/?linkid=2131316 for more information.
2026-05-16 11:39:33.238 -06:00 [INF] Migrations applied successfully
2026-05-16 11:39:38.287 -06:00 [WRN] Compiling a query which loads related collections for more than one collection navigation, either via 'Include' or through projection, but no 'QuerySplittingBehavior' has been configured. By default, Entity Framework will use 'QuerySplittingBehavior.SingleQuery', which can potentially result in slow query performance. See https://go.microsoft.com/fwlink/?linkid=2134277 for more information. To identify the query that's triggering this warning call 'ConfigureWarnings(w => w.Throw(RelationalEventId.MultipleCollectionIncludeWarning))'.
2026-05-16 11:39:38.920 -06:00 [INF] HTTP POST /api/print/invoice/019e31b8-cf0d-78da-9590-f1087c26b552 responded 400 in 1308.3704 ms
2026-05-16 11:39:45.950 -06:00 [INF] HTTP POST /api/print/invoice/019e31b8-cf0d-78da-9590-f1087c26b552 responded 400 in 179.6087 ms
2026-05-16 11:39:52.584 -06:00 [INF] HTTP GET /api/discounts responded 200 in 304.9094 ms
2026-05-16 11:39:52.594 -06:00 [INF] HTTP GET /api/discounts responded 200 in 4.5306 ms
2026-05-16 11:39:55.256 -06:00 [INF] HTTP GET /api/reservations responded 200 in 113.4404 ms
2026-05-16 11:39:55.273 -06:00 [INF] HTTP GET /api/reservations responded 200 in 9.7025 ms
2026-05-16 11:39:57.450 -06:00 [INF] HTTP GET /api/reservations responded 200 in 57.6724 ms
2026-05-16 11:39:57.487 -06:00 [INF] HTTP GET /api/reservations responded 200 in 32.2082 ms
2026-05-16 11:40:00.170 -06:00 [INF] HTTP POST /api/reservations/checkout/019e3141-9be0-7377-86de-6ba7eae6936f responded 200 in 588.3509 ms
2026-05-16 11:40:02.936 -06:00 [INF] HTTP GET /api/reservations responded 200 in 6.5357 ms
2026-05-16 11:40:02.951 -06:00 [INF] HTTP GET /api/reservations responded 200 in 6.2616 ms
2026-05-16 11:40:03.818 -06:00 [INF] HTTP GET /api/reservations responded 200 in 10.0610 ms
2026-05-16 11:40:03.832 -06:00 [INF] HTTP GET /api/reservations responded 200 in 4.4069 ms
2026-05-16 11:40:05.599 -06:00 [INF] HTTP POST /api/reservations/checkout/019e2f04-3cce-7f6d-9ab0-39dfa2ea85a7 responded 200 in 48.9880 ms
2026-05-16 11:40:06.316 -06:00 [INF] HTTP GET /api/reservations responded 200 in 5.1889 ms
2026-05-16 11:40:06.328 -06:00 [INF] HTTP GET /api/reservations responded 200 in 5.8911 ms
2026-05-16 11:40:07.485 -06:00 [INF] HTTP GET /api/reservations responded 200 in 6.6674 ms
2026-05-16 11:40:07.497 -06:00 [INF] HTTP GET /api/reservations responded 200 in 4.7485 ms
2026-05-16 11:40:08.809 -06:00 [INF] HTTP POST /api/reservations/checkout/019e31a0-fe3b-71cd-b654-17ddf3d90a09 responded 200 in 63.1146 ms
2026-05-16 11:40:09.848 -06:00 [INF] HTTP GET /api/reservations responded 200 in 6.4090 ms
2026-05-16 11:40:09.861 -06:00 [INF] HTTP GET /api/reservations responded 200 in 6.7000 ms
2026-05-16 11:40:10.858 -06:00 [INF] HTTP GET /api/reservations responded 200 in 7.3428 ms
2026-05-16 11:40:10.872 -06:00 [INF] HTTP GET /api/reservations responded 200 in 4.8950 ms
2026-05-16 11:40:12.419 -06:00 [INF] HTTP POST /api/reservations/checkout/019e317c-2749-7fab-924f-b605c92edf21 responded 200 in 11.7965 ms
2026-05-16 11:40:13.111 -06:00 [INF] HTTP GET /api/reservations responded 200 in 10.8962 ms
2026-05-16 11:40:13.129 -06:00 [INF] HTTP GET /api/reservations responded 200 in 6.7830 ms
2026-05-16 11:40:13.978 -06:00 [INF] HTTP GET /api/reservations responded 200 in 8.0636 ms
2026-05-16 11:40:14.040 -06:00 [INF] HTTP GET /api/reservations responded 200 in 48.6096 ms
2026-05-16 11:40:15.148 -06:00 [INF] HTTP POST /api/reservations/checkout/019e2f0c-c24e-7851-a407-c804eb33ad32 responded 200 in 14.0418 ms
2026-05-16 11:40:15.963 -06:00 [INF] HTTP GET /api/reservations responded 200 in 8.8184 ms
2026-05-16 11:40:15.980 -06:00 [INF] HTTP GET /api/reservations responded 200 in 7.8749 ms
2026-05-16 11:40:16.973 -06:00 [INF] HTTP GET /api/reservations responded 200 in 4.5918 ms
2026-05-16 11:40:16.988 -06:00 [INF] HTTP GET /api/reservations responded 200 in 6.2091 ms
2026-05-16 11:40:17.977 -06:00 [INF] HTTP POST /api/reservations/checkout/019e2eea-7e07-7d34-9595-6041e89065cf responded 200 in 12.1473 ms
2026-05-16 11:40:18.505 -06:00 [INF] HTTP GET /api/reservations responded 200 in 13.8308 ms
2026-05-16 11:40:18.529 -06:00 [INF] HTTP GET /api/reservations responded 200 in 9.5623 ms
2026-05-16 11:40:19.331 -06:00 [INF] HTTP GET /api/reservations responded 200 in 4.7345 ms
2026-05-16 11:40:19.344 -06:00 [INF] HTTP GET /api/reservations responded 200 in 4.4402 ms
2026-05-16 11:40:20.570 -06:00 [INF] HTTP POST /api/reservations/checkout/019e31b8-ce72-7953-9b99-4d533b6bb998 responded 200 in 39.2911 ms
2026-05-16 11:40:21.365 -06:00 [INF] HTTP GET /api/reservations responded 200 in 4.3835 ms
2026-05-16 11:40:21.377 -06:00 [INF] HTTP GET /api/reservations responded 200 in 4.8482 ms
2026-05-16 11:41:40.266 -06:00 [INF] HTTP GET /api/reservations responded 200 in 4.4757 ms
2026-05-16 11:41:40.278 -06:00 [INF] HTTP GET /api/reservations responded 200 in 4.6512 ms
2026-05-16 11:41:41.089 -06:00 [INF] HTTP GET /api/discounts responded 200 in 6.1140 ms
2026-05-16 11:41:41.100 -06:00 [INF] HTTP GET /api/discounts responded 200 in 3.6804 ms
2026-05-16 11:41:42.582 -06:00 [INF] HTTP GET /api/reservations responded 200 in 5.0972 ms
2026-05-16 11:41:42.637 -06:00 [INF] HTTP GET /api/reservations responded 200 in 46.4372 ms
2026-05-16 11:41:43.357 -06:00 [INF] HTTP GET /api/discounts responded 200 in 5.1350 ms
2026-05-16 11:41:43.369 -06:00 [INF] HTTP GET /api/discounts responded 200 in 3.0864 ms
2026-05-16 11:41:47.490 -06:00 [INF] HTTP GET /api/reservations responded 200 in 4.8153 ms
2026-05-16 11:41:47.506 -06:00 [INF] HTTP GET /api/reservations responded 200 in 6.2719 ms
2026-05-16 11:41:49.330 -06:00 [INF] HTTP GET /api/guests responded 200 in 42.1745 ms
2026-05-16 11:41:49.339 -06:00 [INF] HTTP GET /api/guests responded 200 in 2.4477 ms
2026-05-16 11:42:01.472 -06:00 [INF] HTTP GET /api/room-types responded 200 in 32.9776 ms
2026-05-16 11:42:01.483 -06:00 [INF] HTTP GET /api/room-types responded 200 in 2.4944 ms
2026-05-16 11:42:03.191 -06:00 [INF] HTTP GET /api/room-types responded 200 in 2.6279 ms
2026-05-16 11:42:03.202 -06:00 [INF] HTTP GET /api/room-types responded 200 in 2.3009 ms
2026-05-16 11:42:03.239 -06:00 [INF] HTTP GET /api/rooms responded 200 in 51.2484 ms
2026-05-16 11:42:03.249 -06:00 [INF] HTTP GET /api/rooms responded 200 in 3.8611 ms
2026-05-16 11:42:07.093 -06:00 [INF] HTTP PUT /api/rooms/019e2dca-db0f-7eac-a179-d117f141d62c responded 204 in 81.9398 ms
2026-05-16 11:42:07.110 -06:00 [INF] HTTP GET /api/rooms responded 200 in 4.7795 ms
2026-05-16 11:42:07.276 -06:00 [INF] HTTP GET /api/room-types responded 200 in 167.3297 ms
2026-05-16 11:42:08.132 -06:00 [INF] HTTP PUT /api/rooms/019e2dc7-1b4f-70ae-9548-a8bdee52c30e responded 204 in 8.7526 ms
2026-05-16 11:42:08.145 -06:00 [INF] HTTP GET /api/room-types responded 200 in 1.8515 ms
2026-05-16 11:42:08.145 -06:00 [INF] HTTP GET /api/rooms responded 200 in 2.8636 ms
2026-05-16 11:42:08.566 -06:00 [INF] HTTP PUT /api/rooms/019e2dc8-b3b2-7244-a2a4-1f96ff03a3bc responded 204 in 4.5896 ms
2026-05-16 11:42:08.578 -06:00 [INF] HTTP GET /api/rooms responded 200 in 2.3828 ms
2026-05-16 11:42:08.578 -06:00 [INF] HTTP GET /api/room-types responded 200 in 1.1941 ms
2026-05-16 11:42:08.976 -06:00 [INF] HTTP PUT /api/rooms/019e2dd0-5f5b-7a20-9f4f-7e29cfa5791b responded 204 in 45.8500 ms
2026-05-16 11:42:08.992 -06:00 [INF] HTTP GET /api/rooms responded 200 in 3.1545 ms
2026-05-16 11:42:08.992 -06:00 [INF] HTTP GET /api/room-types responded 200 in 1.3724 ms
2026-05-16 11:42:09.445 -06:00 [INF] HTTP PUT /api/rooms/019e2dc8-fd56-76ba-8093-1167eccc0e32 responded 204 in 36.7409 ms
2026-05-16 11:42:09.458 -06:00 [INF] HTTP GET /api/rooms responded 200 in 2.5676 ms
2026-05-16 11:42:09.459 -06:00 [INF] HTTP GET /api/room-types responded 200 in 2.0118 ms
2026-05-16 11:42:09.916 -06:00 [INF] HTTP PUT /api/rooms/019e2dc7-5899-7c99-8089-69e00f0b464f responded 204 in 36.0657 ms
2026-05-16 11:42:09.927 -06:00 [INF] HTTP GET /api/rooms responded 200 in 2.4221 ms
2026-05-16 11:42:09.927 -06:00 [INF] HTTP GET /api/room-types responded 200 in 1.4979 ms
2026-05-16 11:42:10.412 -06:00 [INF] HTTP PUT /api/rooms/019e2dd0-3620-7202-bb6a-898a439e888c responded 204 in 36.1677 ms
2026-05-16 11:42:10.429 -06:00 [INF] HTTP GET /api/rooms responded 200 in 5.2142 ms
2026-05-16 11:42:10.429 -06:00 [INF] HTTP GET /api/room-types responded 200 in 2.4603 ms
2026-05-16 11:42:11.190 -06:00 [INF] HTTP PUT /api/rooms/019e2dc7-3594-7ba3-b91a-5c89eb79e69e responded 204 in 3.6897 ms
2026-05-16 11:42:11.203 -06:00 [INF] HTTP GET /api/room-types responded 200 in 1.0812 ms
2026-05-16 11:42:11.204 -06:00 [INF] HTTP GET /api/rooms responded 200 in 2.1422 ms
2026-05-16 11:42:14.650 -06:00 [INF] HTTP GET /api/room-types responded 200 in 2.0930 ms
2026-05-16 11:42:14.658 -06:00 [INF] HTTP GET /api/room-types responded 200 in 1.6267 ms
2026-05-16 11:42:17.345 -06:00 [INF] HTTP GET /api/discounts responded 200 in 2.9768 ms
2026-05-16 11:42:17.360 -06:00 [INF] HTTP GET /api/discounts responded 200 in 8.8840 ms
2026-05-16 11:42:27.804 -06:00 [INF] HTTP GET /api/guests responded 200 in 34.5193 ms
2026-05-16 11:42:28.385 -06:00 [INF] HTTP GET /api/guests/019e2d07-60e6-7fbc-b1d5-8be85059ff7a/stats responded 200 in 68.3686 ms
2026-05-16 11:42:29.959 -06:00 [INF] HTTP PUT /api/guests/019e2d07-60e6-7fbc-b1d5-8be85059ff7a responded 204 in 63.6538 ms
2026-05-16 11:42:37.886 -06:00 [INF] HTTP GET /api/rooms/available responded 200 in 140.5789 ms
2026-05-16 11:43:20.312 -06:00 [INF] HTTP POST /api/reservations responded 201 in 112.6580 ms
2026-05-16 11:43:20.535 -06:00 [INF] HTTP POST /api/reservations/checkin responded 200 in 214.8994 ms
2026-05-16 11:43:20.679 -06:00 [INF] HTTP GET /api/invoices/019e31e2-b0a2-7bd4-ac5e-744fdbfca86f/print responded 200 in 134.9647 ms
2026-05-16 11:43:22.561 -06:00 [INF] HTTP POST /api/print/invoice/019e31e2-b0a2-7bd4-ac5e-744fdbfca86f responded 400 in 35.0024 ms
2026-05-16 12:03:55.693 -06:00 [INF] HTTP GET /api/discounts responded 401 in 21.0231 ms
2026-05-16 12:03:55.702 -06:00 [INF] HTTP GET /api/discounts responded 401 in 0.8452 ms
2026-05-16 12:03:55.809 -06:00 [INF] HTTP POST /api/auth/refresh responded 401 in 74.7221 ms
2026-05-16 12:03:55.809 -06:00 [INF] HTTP POST /api/auth/refresh responded 401 in 44.7898 ms
2026-05-16 12:04:37.872 -06:00 [INF] Starting Hotel ERP API
2026-05-16 12:04:39.419 -06:00 [WRN] Entity 'User' has a global query filter defined and is the required end of a relationship with the entity 'RefreshToken'. This may lead to unexpected results when the required entity is filtered out. Either configure the navigation as optional, or define matching query filters for both entities in the navigation. See https://go.microsoft.com/fwlink/?linkid=2131316 for more information.
2026-05-16 12:04:39.426 -06:00 [WRN] Entity 'Permission' has a global query filter defined and is the required end of a relationship with the entity 'RolePermission'. This may lead to unexpected results when the required entity is filtered out. Either configure the navigation as optional, or define matching query filters for both entities in the navigation. See https://go.microsoft.com/fwlink/?linkid=2131316 for more information.
2026-05-16 12:04:39.427 -06:00 [WRN] Entity 'Role' has a global query filter defined and is the required end of a relationship with the entity 'UserRole'. This may lead to unexpected results when the required entity is filtered out. Either configure the navigation as optional, or define matching query filters for both entities in the navigation. See https://go.microsoft.com/fwlink/?linkid=2131316 for more information.
2026-05-16 12:04:40.824 -06:00 [INF] Migrations applied successfully
2026-05-16 12:04:44.996 -06:00 [INF] HTTP GET /api/print/printers responded 401 in 41.5157 ms
2026-05-16 12:05:06.006 -06:00 [INF] Starting Hotel ERP API
2026-05-16 12:05:07.668 -06:00 [WRN] Entity 'User' has a global query filter defined and is the required end of a relationship with the entity 'RefreshToken'. This may lead to unexpected results when the required entity is filtered out. Either configure the navigation as optional, or define matching query filters for both entities in the navigation. See https://go.microsoft.com/fwlink/?linkid=2131316 for more information.
2026-05-16 12:05:07.703 -06:00 [WRN] Entity 'Permission' has a global query filter defined and is the required end of a relationship with the entity 'RolePermission'. This may lead to unexpected results when the required entity is filtered out. Either configure the navigation as optional, or define matching query filters for both entities in the navigation. See https://go.microsoft.com/fwlink/?linkid=2131316 for more information.
2026-05-16 12:05:07.705 -06:00 [WRN] Entity 'Role' has a global query filter defined and is the required end of a relationship with the entity 'UserRole'. This may lead to unexpected results when the required entity is filtered out. Either configure the navigation as optional, or define matching query filters for both entities in the navigation. See https://go.microsoft.com/fwlink/?linkid=2131316 for more information.
2026-05-16 12:05:08.651 -06:00 [INF] Migrations applied successfully
2026-05-16 12:05:11.229 -06:00 [WRN] Compiling a query which loads related collections for more than one collection navigation, either via 'Include' or through projection, but no 'QuerySplittingBehavior' has been configured. By default, Entity Framework will use 'QuerySplittingBehavior.SingleQuery', which can potentially result in slow query performance. See https://go.microsoft.com/fwlink/?linkid=2134277 for more information. To identify the query that's triggering this warning call 'ConfigureWarnings(w => w.Throw(RelationalEventId.MultipleCollectionIncludeWarning))'.
2026-05-16 12:05:11.462 -06:00 [INF] HTTP POST /api/auth/login responded 200 in 2117.9497 ms
2026-05-16 12:05:11.581 -06:00 [INF] HTTP GET /api/print/printers responded 200 in 68.9356 ms
2026-05-16 12:05:11.627 -06:00 [INF] HTTP GET /api/print/test responded 200 in 22.0368 ms
2026-05-16 12:10:53.275 -06:00 [INF] Starting Hotel ERP API
2026-05-16 12:10:54.874 -06:00 [WRN] Entity 'User' has a global query filter defined and is the required end of a relationship with the entity 'RefreshToken'. This may lead to unexpected results when the required entity is filtered out. Either configure the navigation as optional, or define matching query filters for both entities in the navigation. See https://go.microsoft.com/fwlink/?linkid=2131316 for more information.
2026-05-16 12:10:54.882 -06:00 [WRN] Entity 'Permission' has a global query filter defined and is the required end of a relationship with the entity 'RolePermission'. This may lead to unexpected results when the required entity is filtered out. Either configure the navigation as optional, or define matching query filters for both entities in the navigation. See https://go.microsoft.com/fwlink/?linkid=2131316 for more information.
2026-05-16 12:10:54.884 -06:00 [WRN] Entity 'Role' has a global query filter defined and is the required end of a relationship with the entity 'UserRole'. This may lead to unexpected results when the required entity is filtered out. Either configure the navigation as optional, or define matching query filters for both entities in the navigation. See https://go.microsoft.com/fwlink/?linkid=2131316 for more information.
2026-05-16 12:10:56.326 -06:00 [INF] Migrations applied successfully
2026-05-16 12:11:08.643 -06:00 [WRN] Compiling a query which loads related collections for more than one collection navigation, either via 'Include' or through projection, but no 'QuerySplittingBehavior' has been configured. By default, Entity Framework will use 'QuerySplittingBehavior.SingleQuery', which can potentially result in slow query performance. See https://go.microsoft.com/fwlink/?linkid=2134277 for more information. To identify the query that's triggering this warning call 'ConfigureWarnings(w => w.Throw(RelationalEventId.MultipleCollectionIncludeWarning))'.
2026-05-16 12:11:08.892 -06:00 [INF] HTTP POST /api/auth/login responded 200 in 1856.9270 ms
2026-05-16 12:11:10.662 -06:00 [INF] HTTP GET /api/print/printers responded 200 in 108.6937 ms
2026-05-16 12:11:10.702 -06:00 [INF] HTTP GET /api/print/printers responded 200 in 28.5250 ms
2026-05-16 12:11:11.016 -06:00 [INF] HTTP GET /api/settings/business responded 200 in 462.5179 ms
2026-05-16 12:11:11.195 -06:00 [INF] HTTP GET /api/settings/business responded 200 in 173.9333 ms
2026-05-16 12:11:20.092 -06:00 [INF] HTTP GET /api/print/test responded 200 in 53.6564 ms
2026-05-16 12:11:58.491 -06:00 [INF] HTTP GET /api/discounts responded 200 in 114.8436 ms
2026-05-16 12:11:58.501 -06:00 [INF] HTTP GET /api/discounts responded 200 in 3.4610 ms
2026-05-16 12:12:00.504 -06:00 [INF] HTTP GET /api/guests responded 200 in 94.6404 ms
2026-05-16 12:12:01.204 -06:00 [INF] HTTP GET /api/guests/019e2d07-60e6-7fbc-b1d5-8be85059ff7a/stats responded 200 in 130.5437 ms
2026-05-16 12:12:02.103 -06:00 [INF] HTTP PUT /api/guests/019e2d07-60e6-7fbc-b1d5-8be85059ff7a responded 204 in 60.4089 ms
2026-05-16 12:12:14.871 -06:00 [INF] HTTP GET /api/rooms/available responded 200 in 190.1140 ms
2026-05-16 12:12:33.296 -06:00 [INF] HTTP POST /api/reservations responded 201 in 189.6030 ms
2026-05-16 12:12:33.824 -06:00 [INF] HTTP POST /api/reservations/checkin responded 200 in 517.7377 ms
2026-05-16 12:12:33.873 -06:00 [WRN] Compiling a query which loads related collections for more than one collection navigation, either via 'Include' or through projection, but no 'QuerySplittingBehavior' has been configured. By default, Entity Framework will use 'QuerySplittingBehavior.SingleQuery', which can potentially result in slow query performance. See https://go.microsoft.com/fwlink/?linkid=2134277 for more information. To identify the query that's triggering this warning call 'ConfigureWarnings(w => w.Throw(RelationalEventId.MultipleCollectionIncludeWarning))'.
2026-05-16 12:12:34.032 -06:00 [INF] HTTP GET /api/invoices/019e31fd-70f9-7ba4-95db-8d4f515a9092/print responded 200 in 195.8920 ms
2026-05-16 12:12:36.723 -06:00 [INF] HTTP POST /api/print/invoice/019e31fd-70f9-7ba4-95db-8d4f515a9092 responded 400 in 82.8206 ms
2026-05-16 12:12:42.592 -06:00 [INF] HTTP GET /api/print/printers responded 200 in 8.3142 ms
2026-05-16 12:12:42.632 -06:00 [INF] HTTP GET /api/print/printers responded 200 in 8.4766 ms
2026-05-16 12:12:42.687 -06:00 [INF] HTTP GET /api/settings/business responded 200 in 109.4469 ms
2026-05-16 12:12:42.851 -06:00 [INF] HTTP GET /api/settings/business responded 200 in 114.8872 ms
2026-05-16 12:12:46.931 -06:00 [INF] HTTP PUT /api/settings/business responded 200 in 146.4979 ms
2026-05-16 12:12:49.535 -06:00 [INF] HTTP GET /api/print/test responded 200 in 2.3199 ms
2026-05-16 12:12:51.207 -06:00 [INF] HTTP GET /api/discounts responded 200 in 4.4427 ms
2026-05-16 12:12:51.221 -06:00 [INF] HTTP GET /api/discounts responded 200 in 3.7324 ms
2026-05-16 12:12:54.570 -06:00 [INF] HTTP GET /api/guests responded 200 in 2.6395 ms
2026-05-16 12:12:55.323 -06:00 [INF] HTTP GET /api/guests/019e2cb2-4a37-7a7a-8ece-d68ad7c65368/stats responded 200 in 5.0255 ms
2026-05-16 12:12:56.305 -06:00 [INF] HTTP PUT /api/guests/019e2cb2-4a37-7a7a-8ece-d68ad7c65368 responded 204 in 34.9155 ms
2026-05-16 12:12:59.035 -06:00 [INF] HTTP GET /api/rooms/available responded 200 in 6.8378 ms
2026-05-16 12:13:07.105 -06:00 [INF] HTTP POST /api/reservations responded 201 in 47.5554 ms
2026-05-16 12:13:07.183 -06:00 [INF] HTTP POST /api/reservations/checkin responded 200 in 68.7219 ms
2026-05-16 12:13:07.242 -06:00 [INF] HTTP GET /api/invoices/019e31fd-f3e9-7e86-a881-e1d29ab7dacc/print responded 200 in 46.2535 ms
2026-05-16 12:13:08.624 -06:00 [INF] HTTP POST /api/print/invoice/019e31fd-f3e9-7e86-a881-e1d29ab7dacc responded 400 in 295.4784 ms
2026-05-16 12:16:49.511 -06:00 [INF] Starting Hotel ERP API
2026-05-16 12:16:51.098 -06:00 [WRN] Entity 'User' has a global query filter defined and is the required end of a relationship with the entity 'RefreshToken'. This may lead to unexpected results when the required entity is filtered out. Either configure the navigation as optional, or define matching query filters for both entities in the navigation. See https://go.microsoft.com/fwlink/?linkid=2131316 for more information.
2026-05-16 12:16:51.106 -06:00 [WRN] Entity 'Permission' has a global query filter defined and is the required end of a relationship with the entity 'RolePermission'. This may lead to unexpected results when the required entity is filtered out. Either configure the navigation as optional, or define matching query filters for both entities in the navigation. See https://go.microsoft.com/fwlink/?linkid=2131316 for more information.
2026-05-16 12:16:51.108 -06:00 [WRN] Entity 'Role' has a global query filter defined and is the required end of a relationship with the entity 'UserRole'. This may lead to unexpected results when the required entity is filtered out. Either configure the navigation as optional, or define matching query filters for both entities in the navigation. See https://go.microsoft.com/fwlink/?linkid=2131316 for more information.
2026-05-16 12:16:52.407 -06:00 [INF] Migrations applied successfully
2026-05-16 12:16:56.540 -06:00 [WRN] Compiling a query which loads related collections for more than one collection navigation, either via 'Include' or through projection, but no 'QuerySplittingBehavior' has been configured. By default, Entity Framework will use 'QuerySplittingBehavior.SingleQuery', which can potentially result in slow query performance. See https://go.microsoft.com/fwlink/?linkid=2134277 for more information. To identify the query that's triggering this warning call 'ConfigureWarnings(w => w.Throw(RelationalEventId.MultipleCollectionIncludeWarning))'.
2026-05-16 12:16:57.368 -06:00 [INF] HTTP POST /api/print/invoice/019e31fd-f3e9-7e86-a881-e1d29ab7dacc responded 200 in 1736.2001 ms
2026-05-16 12:18:22.403 -06:00 [INF] HTTP GET /api/guests responded 200 in 355.9787 ms
2026-05-16 12:18:22.453 -06:00 [INF] HTTP GET /api/guests responded 200 in 12.9633 ms
2026-05-16 12:18:24.119 -06:00 [INF] HTTP GET /api/discounts responded 200 in 87.4135 ms
2026-05-16 12:18:24.138 -06:00 [INF] HTTP GET /api/discounts responded 200 in 11.9478 ms
2026-05-16 12:19:18.421 -06:00 [INF] HTTP GET /api/guests responded 200 in 34.6430 ms
2026-05-16 12:21:50.253 -06:00 [INF] HTTP GET /api/print/printers responded 200 in 27.1552 ms
2026-05-16 12:21:50.291 -06:00 [INF] HTTP GET /api/print/printers responded 200 in 22.9780 ms
2026-05-16 12:21:50.520 -06:00 [INF] HTTP GET /api/settings/business responded 200 in 297.1362 ms
2026-05-16 12:21:50.669 -06:00 [INF] HTTP GET /api/settings/business responded 200 in 137.3517 ms
2026-05-16 12:28:36.378 -06:00 [INF] Starting Hotel ERP API
2026-05-16 12:28:37.407 -06:00 [WRN] Entity 'User' has a global query filter defined and is the required end of a relationship with the entity 'RefreshToken'. This may lead to unexpected results when the required entity is filtered out. Either configure the navigation as optional, or define matching query filters for both entities in the navigation. See https://go.microsoft.com/fwlink/?linkid=2131316 for more information.
2026-05-16 12:28:37.412 -06:00 [WRN] Entity 'Permission' has a global query filter defined and is the required end of a relationship with the entity 'RolePermission'. This may lead to unexpected results when the required entity is filtered out. Either configure the navigation as optional, or define matching query filters for both entities in the navigation. See https://go.microsoft.com/fwlink/?linkid=2131316 for more information.
2026-05-16 12:28:37.413 -06:00 [WRN] Entity 'Role' has a global query filter defined and is the required end of a relationship with the entity 'UserRole'. This may lead to unexpected results when the required entity is filtered out. Either configure the navigation as optional, or define matching query filters for both entities in the navigation. See https://go.microsoft.com/fwlink/?linkid=2131316 for more information.
2026-05-16 12:28:38.561 -06:00 [INF] Migrations applied successfully
2026-05-16 12:29:00.886 -06:00 [INF] Starting Hotel ERP API
2026-05-16 12:29:01.917 -06:00 [WRN] Entity 'User' has a global query filter defined and is the required end of a relationship with the entity 'RefreshToken'. This may lead to unexpected results when the required entity is filtered out. Either configure the navigation as optional, or define matching query filters for both entities in the navigation. See https://go.microsoft.com/fwlink/?linkid=2131316 for more information.
2026-05-16 12:29:01.922 -06:00 [WRN] Entity 'Permission' has a global query filter defined and is the required end of a relationship with the entity 'RolePermission'. This may lead to unexpected results when the required entity is filtered out. Either configure the navigation as optional, or define matching query filters for both entities in the navigation. See https://go.microsoft.com/fwlink/?linkid=2131316 for more information.
2026-05-16 12:29:01.923 -06:00 [WRN] Entity 'Role' has a global query filter defined and is the required end of a relationship with the entity 'UserRole'. This may lead to unexpected results when the required entity is filtered out. Either configure the navigation as optional, or define matching query filters for both entities in the navigation. See https://go.microsoft.com/fwlink/?linkid=2131316 for more information.
2026-05-16 12:29:03.201 -06:00 [INF] Migrations applied successfully
2026-05-16 12:29:15.711 -06:00 [WRN] Compiling a query which loads related collections for more than one collection navigation, either via 'Include' or through projection, but no 'QuerySplittingBehavior' has been configured. By default, Entity Framework will use 'QuerySplittingBehavior.SingleQuery', which can potentially result in slow query performance. See https://go.microsoft.com/fwlink/?linkid=2134277 for more information. To identify the query that's triggering this warning call 'ConfigureWarnings(w => w.Throw(RelationalEventId.MultipleCollectionIncludeWarning))'.
2026-05-16 12:29:15.933 -06:00 [INF] HTTP POST /api/auth/login responded 200 in 1837.3097 ms
2026-05-16 12:29:16.407 -06:00 [INF] HTTP GET /api/invoices responded 200 in 416.8666 ms
2026-05-16 12:29:16.468 -06:00 [WRN] Compiling a query which loads related collections for more than one collection navigation, either via 'Include' or through projection, but no 'QuerySplittingBehavior' has been configured. By default, Entity Framework will use 'QuerySplittingBehavior.SingleQuery', which can potentially result in slow query performance. See https://go.microsoft.com/fwlink/?linkid=2134277 for more information. To identify the query that's triggering this warning call 'ConfigureWarnings(w => w.Throw(RelationalEventId.MultipleCollectionIncludeWarning))'.
2026-05-16 12:29:16.644 -06:00 [INF] HTTP GET /api/print/invoice/019e2e3b-47b7-7477-9368-45e150202706/preview responded 200 in 215.2225 ms
2026-05-16 12:49:36.005 -06:00 [INF] Starting Hotel ERP API
2026-05-16 12:49:37.342 -06:00 [WRN] Entity 'User' has a global query filter defined and is the required end of a relationship with the entity 'RefreshToken'. This may lead to unexpected results when the required entity is filtered out. Either configure the navigation as optional, or define matching query filters for both entities in the navigation. See https://go.microsoft.com/fwlink/?linkid=2131316 for more information.
2026-05-16 12:49:37.350 -06:00 [WRN] Entity 'Permission' has a global query filter defined and is the required end of a relationship with the entity 'RolePermission'. This may lead to unexpected results when the required entity is filtered out. Either configure the navigation as optional, or define matching query filters for both entities in the navigation. See https://go.microsoft.com/fwlink/?linkid=2131316 for more information.
2026-05-16 12:49:37.353 -06:00 [WRN] Entity 'Role' has a global query filter defined and is the required end of a relationship with the entity 'UserRole'. This may lead to unexpected results when the required entity is filtered out. Either configure the navigation as optional, or define matching query filters for both entities in the navigation. See https://go.microsoft.com/fwlink/?linkid=2131316 for more information.
2026-05-16 12:49:38.905 -06:00 [INF] Migrations applied successfully
2026-05-16 12:49:48.890 -06:00 [INF] HTTP GET /api/discounts responded 200 in 1322.0891 ms
2026-05-16 12:49:49.069 -06:00 [INF] HTTP GET /api/discounts responded 200 in 166.9001 ms
2026-05-16 12:49:59.703 -06:00 [INF] HTTP GET /api/guests responded 200 in 219.6854 ms
2026-05-16 12:50:01.102 -06:00 [INF] HTTP GET /api/guests/019e2d07-60e6-7fbc-b1d5-8be85059ff7a/stats responded 200 in 261.3396 ms
2026-05-16 12:50:06.443 -06:00 [INF] HTTP PUT /api/guests/019e2d07-60e6-7fbc-b1d5-8be85059ff7a responded 204 in 232.9918 ms
2026-05-16 12:50:12.126 -06:00 [INF] HTTP GET /api/rooms/available responded 200 in 216.3510 ms
2026-05-16 12:50:25.961 -06:00 [INF] HTTP POST /api/reservations responded 201 in 242.5788 ms
2026-05-16 12:50:26.468 -06:00 [INF] HTTP POST /api/reservations/checkin responded 200 in 497.3762 ms
2026-05-16 12:50:26.536 -06:00 [WRN] Compiling a query which loads related collections for more than one collection navigation, either via 'Include' or through projection, but no 'QuerySplittingBehavior' has been configured. By default, Entity Framework will use 'QuerySplittingBehavior.SingleQuery', which can potentially result in slow query performance. See https://go.microsoft.com/fwlink/?linkid=2134277 for more information. To identify the query that's triggering this warning call 'ConfigureWarnings(w => w.Throw(RelationalEventId.MultipleCollectionIncludeWarning))'.
2026-05-16 12:50:26.643 -06:00 [INF] HTTP GET /api/print/invoice/019e3220-1e94-7d9e-995a-39e0dfe62326/preview responded 200 in 164.7112 ms
2026-05-16 13:24:01.046 -06:00 [INF] Starting Hotel ERP API
2026-05-16 13:24:02.504 -06:00 [WRN] Entity 'User' has a global query filter defined and is the required end of a relationship with the entity 'RefreshToken'. This may lead to unexpected results when the required entity is filtered out. Either configure the navigation as optional, or define matching query filters for both entities in the navigation. See https://go.microsoft.com/fwlink/?linkid=2131316 for more information.
2026-05-16 13:24:02.511 -06:00 [WRN] Entity 'Permission' has a global query filter defined and is the required end of a relationship with the entity 'RolePermission'. This may lead to unexpected results when the required entity is filtered out. Either configure the navigation as optional, or define matching query filters for both entities in the navigation. See https://go.microsoft.com/fwlink/?linkid=2131316 for more information.
2026-05-16 13:24:02.513 -06:00 [WRN] Entity 'Role' has a global query filter defined and is the required end of a relationship with the entity 'UserRole'. This may lead to unexpected results when the required entity is filtered out. Either configure the navigation as optional, or define matching query filters for both entities in the navigation. See https://go.microsoft.com/fwlink/?linkid=2131316 for more information.
2026-05-16 13:24:03.845 -06:00 [INF] Migrations applied successfully
2026-05-16 13:24:36.236 -06:00 [INF] HTTP GET /api/discounts responded 401 in 178.4486 ms
2026-05-16 13:24:36.281 -06:00 [INF] HTTP GET /api/discounts responded 401 in 21.8823 ms
2026-05-16 13:24:36.556 -06:00 [INF] HTTP POST /api/auth/refresh responded 401 in 292.0660 ms
2026-05-16 13:24:36.556 -06:00 [INF] HTTP POST /api/auth/refresh responded 401 in 246.8901 ms
2026-05-16 13:24:40.768 -06:00 [WRN] Compiling a query which loads related collections for more than one collection navigation, either via 'Include' or through projection, but no 'QuerySplittingBehavior' has been configured. By default, Entity Framework will use 'QuerySplittingBehavior.SingleQuery', which can potentially result in slow query performance. See https://go.microsoft.com/fwlink/?linkid=2134277 for more information. To identify the query that's triggering this warning call 'ConfigureWarnings(w => w.Throw(RelationalEventId.MultipleCollectionIncludeWarning))'.
2026-05-16 13:24:40.943 -06:00 [INF] HTTP POST /api/auth/login responded 200 in 1618.7414 ms
2026-05-16 13:24:42.889 -06:00 [INF] HTTP GET /api/discounts responded 200 in 342.1133 ms
2026-05-16 13:24:42.905 -06:00 [INF] HTTP GET /api/discounts responded 200 in 9.2076 ms
2026-05-16 13:24:45.442 -06:00 [INF] HTTP GET /api/guests responded 200 in 138.4810 ms
2026-05-16 13:24:46.234 -06:00 [INF] HTTP GET /api/guests/019e2cb2-4a37-7a7a-8ece-d68ad7c65368/stats responded 200 in 173.6757 ms
2026-05-16 13:24:48.668 -06:00 [INF] HTTP PUT /api/guests/019e2cb2-4a37-7a7a-8ece-d68ad7c65368 responded 204 in 70.6816 ms
2026-05-16 13:24:51.501 -06:00 [INF] HTTP GET /api/rooms/available responded 200 in 282.3616 ms
2026-05-16 13:25:00.923 -06:00 [INF] HTTP POST /api/reservations responded 201 in 156.9924 ms
2026-05-16 13:25:01.385 -06:00 [INF] HTTP POST /api/reservations/checkin responded 200 in 454.3651 ms
2026-05-16 13:25:01.429 -06:00 [WRN] Compiling a query which loads related collections for more than one collection navigation, either via 'Include' or through projection, but no 'QuerySplittingBehavior' has been configured. By default, Entity Framework will use 'QuerySplittingBehavior.SingleQuery', which can potentially result in slow query performance. See https://go.microsoft.com/fwlink/?linkid=2134277 for more information. To identify the query that's triggering this warning call 'ConfigureWarnings(w => w.Throw(RelationalEventId.MultipleCollectionIncludeWarning))'.
2026-05-16 13:25:01.533 -06:00 [INF] HTTP GET /api/print/invoice/019e323f-c7b2-70ca-9b61-fe9d458fd2d2/preview responded 200 in 137.1594 ms
2026-05-16 13:25:05.497 -06:00 [INF] HTTP POST /api/print/invoice/019e323f-c7b2-70ca-9b61-fe9d458fd2d2 responded 400 in 51.7720 ms
2026-05-16 13:25:45.349 -06:00 [INF] HTTP POST /api/print/invoice/019e323f-c7b2-70ca-9b61-fe9d458fd2d2 responded 400 in 27.6604 ms
2026-05-16 13:25:47.375 -06:00 [INF] HTTP POST /api/print/invoice/019e323f-c7b2-70ca-9b61-fe9d458fd2d2 responded 400 in 23.7870 ms
2026-05-16 13:26:02.639 -06:00 [INF] HTTP POST /api/print/invoice/019e323f-c7b2-70ca-9b61-fe9d458fd2d2 responded 400 in 46.8013 ms
2026-05-16 13:27:01.359 -06:00 [INF] Starting Hotel ERP API
2026-05-16 13:27:04.165 -06:00 [WRN] Entity 'User' has a global query filter defined and is the required end of a relationship with the entity 'RefreshToken'. This may lead to unexpected results when the required entity is filtered out. Either configure the navigation as optional, or define matching query filters for both entities in the navigation. See https://go.microsoft.com/fwlink/?linkid=2131316 for more information.
2026-05-16 13:27:04.185 -06:00 [WRN] Entity 'Permission' has a global query filter defined and is the required end of a relationship with the entity 'RolePermission'. This may lead to unexpected results when the required entity is filtered out. Either configure the navigation as optional, or define matching query filters for both entities in the navigation. See https://go.microsoft.com/fwlink/?linkid=2131316 for more information.
2026-05-16 13:27:04.206 -06:00 [WRN] Entity 'Role' has a global query filter defined and is the required end of a relationship with the entity 'UserRole'. This may lead to unexpected results when the required entity is filtered out. Either configure the navigation as optional, or define matching query filters for both entities in the navigation. See https://go.microsoft.com/fwlink/?linkid=2131316 for more information.
2026-05-16 13:27:06.115 -06:00 [INF] Migrations applied successfully
2026-05-16 13:28:04.382 -06:00 [WRN] Compiling a query which loads related collections for more than one collection navigation, either via 'Include' or through projection, but no 'QuerySplittingBehavior' has been configured. By default, Entity Framework will use 'QuerySplittingBehavior.SingleQuery', which can potentially result in slow query performance. See https://go.microsoft.com/fwlink/?linkid=2134277 for more information. To identify the query that's triggering this warning call 'ConfigureWarnings(w => w.Throw(RelationalEventId.MultipleCollectionIncludeWarning))'.
2026-05-16 13:28:05.182 -06:00 [INF] HTTP POST /api/print/invoice/019e323f-c7b2-70ca-9b61-fe9d458fd2d2 responded 400 in 1729.0314 ms
2026-05-16 13:33:21.272 -06:00 [INF] HTTP GET /api/discounts responded 200 in 793.4000 ms
2026-05-16 13:38:20.168 -06:00 [INF] Starting Hotel ERP API
2026-05-16 13:38:22.128 -06:00 [WRN] Entity 'User' has a global query filter defined and is the required end of a relationship with the entity 'RefreshToken'. This may lead to unexpected results when the required entity is filtered out. Either configure the navigation as optional, or define matching query filters for both entities in the navigation. See https://go.microsoft.com/fwlink/?linkid=2131316 for more information.
2026-05-16 13:38:22.136 -06:00 [WRN] Entity 'Permission' has a global query filter defined and is the required end of a relationship with the entity 'RolePermission'. This may lead to unexpected results when the required entity is filtered out. Either configure the navigation as optional, or define matching query filters for both entities in the navigation. See https://go.microsoft.com/fwlink/?linkid=2131316 for more information.
2026-05-16 13:38:22.138 -06:00 [WRN] Entity 'Role' has a global query filter defined and is the required end of a relationship with the entity 'UserRole'. This may lead to unexpected results when the required entity is filtered out. Either configure the navigation as optional, or define matching query filters for both entities in the navigation. See https://go.microsoft.com/fwlink/?linkid=2131316 for more information.
2026-05-16 13:38:23.780 -06:00 [INF] Migrations applied successfully
2026-05-16 13:47:34.567 -06:00 [INF] HTTP GET /api/guests responded 200 in 862.0673 ms
2026-05-16 13:47:35.763 -06:00 [INF] HTTP GET /api/guests/019e2d07-60e6-7fbc-b1d5-8be85059ff7a/stats responded 200 in 451.2722 ms
2026-05-16 13:47:37.109 -06:00 [INF] HTTP PUT /api/guests/019e2d07-60e6-7fbc-b1d5-8be85059ff7a responded 204 in 316.4535 ms
2026-05-16 13:47:41.950 -06:00 [INF] HTTP GET /api/rooms/available responded 200 in 330.4608 ms
2026-05-16 13:48:03.562 -06:00 [INF] HTTP POST /api/reservations responded 201 in 202.0710 ms
2026-05-16 13:48:04.093 -06:00 [INF] HTTP POST /api/reservations/checkin responded 200 in 522.1939 ms
2026-05-16 13:48:04.151 -06:00 [WRN] Compiling a query which loads related collections for more than one collection navigation, either via 'Include' or through projection, but no 'QuerySplittingBehavior' has been configured. By default, Entity Framework will use 'QuerySplittingBehavior.SingleQuery', which can potentially result in slow query performance. See https://go.microsoft.com/fwlink/?linkid=2134277 for more information. To identify the query that's triggering this warning call 'ConfigureWarnings(w => w.Throw(RelationalEventId.MultipleCollectionIncludeWarning))'.
2026-05-16 13:48:04.307 -06:00 [INF] HTTP GET /api/print/invoice/019e3254-e104-7d0c-8c2d-fd112387f653/preview responded 200 in 204.2128 ms
2026-05-16 13:48:11.085 -06:00 [INF] HTTP POST /api/print/invoice/019e3254-e104-7d0c-8c2d-fd112387f653 responded 200 in 990.2280 ms
2026-05-16 14:24:54.623 -06:00 [INF] Starting Hotel ERP API
2026-05-16 14:24:56.218 -06:00 [WRN] Entity 'User' has a global query filter defined and is the required end of a relationship with the entity 'RefreshToken'. This may lead to unexpected results when the required entity is filtered out. Either configure the navigation as optional, or define matching query filters for both entities in the navigation. See https://go.microsoft.com/fwlink/?linkid=2131316 for more information.
2026-05-16 14:24:56.226 -06:00 [WRN] Entity 'Permission' has a global query filter defined and is the required end of a relationship with the entity 'RolePermission'. This may lead to unexpected results when the required entity is filtered out. Either configure the navigation as optional, or define matching query filters for both entities in the navigation. See https://go.microsoft.com/fwlink/?linkid=2131316 for more information.
2026-05-16 14:24:56.229 -06:00 [WRN] Entity 'Role' has a global query filter defined and is the required end of a relationship with the entity 'UserRole'. This may lead to unexpected results when the required entity is filtered out. Either configure the navigation as optional, or define matching query filters for both entities in the navigation. See https://go.microsoft.com/fwlink/?linkid=2131316 for more information.
2026-05-16 14:24:57.672 -06:00 [INF] Migrations applied successfully
2026-05-16 14:25:10.476 -06:00 [WRN] Compiling a query which loads related collections for more than one collection navigation, either via 'Include' or through projection, but no 'QuerySplittingBehavior' has been configured. By default, Entity Framework will use 'QuerySplittingBehavior.SingleQuery', which can potentially result in slow query performance. See https://go.microsoft.com/fwlink/?linkid=2134277 for more information. To identify the query that's triggering this warning call 'ConfigureWarnings(w => w.Throw(RelationalEventId.MultipleCollectionIncludeWarning))'.
2026-05-16 14:25:11.353 -06:00 [INF] HTTP POST /api/print/invoice/019e3254-e104-7d0c-8c2d-fd112387f653 responded 200 in 1481.7845 ms
2026-05-16 14:32:34.631 -06:00 [WRN] Entity 'User' has a global query filter defined and is the required end of a relationship with the entity 'RefreshToken'. This may lead to unexpected results when the required entity is filtered out. Either configure the navigation as optional, or define matching query filters for both entities in the navigation. See https://go.microsoft.com/fwlink/?linkid=2131316 for more information.
2026-05-16 14:32:34.674 -06:00 [WRN] Entity 'Permission' has a global query filter defined and is the required end of a relationship with the entity 'RolePermission'. This may lead to unexpected results when the required entity is filtered out. Either configure the navigation as optional, or define matching query filters for both entities in the navigation. See https://go.microsoft.com/fwlink/?linkid=2131316 for more information.
2026-05-16 14:32:34.674 -06:00 [WRN] Entity 'Role' has a global query filter defined and is the required end of a relationship with the entity 'UserRole'. This may lead to unexpected results when the required entity is filtered out. Either configure the navigation as optional, or define matching query filters for both entities in the navigation. See https://go.microsoft.com/fwlink/?linkid=2131316 for more information.
2026-05-16 14:52:30.454 -06:00 [INF] Starting Hotel ERP API
2026-05-16 14:52:32.139 -06:00 [WRN] Entity 'User' has a global query filter defined and is the required end of a relationship with the entity 'RefreshToken'. This may lead to unexpected results when the required entity is filtered out. Either configure the navigation as optional, or define matching query filters for both entities in the navigation. See https://go.microsoft.com/fwlink/?linkid=2131316 for more information.
2026-05-16 14:52:32.148 -06:00 [WRN] Entity 'Permission' has a global query filter defined and is the required end of a relationship with the entity 'RolePermission'. This may lead to unexpected results when the required entity is filtered out. Either configure the navigation as optional, or define matching query filters for both entities in the navigation. See https://go.microsoft.com/fwlink/?linkid=2131316 for more information.
2026-05-16 14:52:32.150 -06:00 [WRN] Entity 'Role' has a global query filter defined and is the required end of a relationship with the entity 'UserRole'. This may lead to unexpected results when the required entity is filtered out. Either configure the navigation as optional, or define matching query filters for both entities in the navigation. See https://go.microsoft.com/fwlink/?linkid=2131316 for more information.
2026-05-16 14:52:33.777 -06:00 [INF] Migrations applied successfully
2026-05-16 14:52:57.180 -06:00 [INF] HTTP GET /api/print/printers responded 401 in 142.6599 ms
2026-05-16 14:52:57.474 -06:00 [INF] HTTP POST /api/auth/refresh responded 401 in 247.3024 ms
2026-05-16 14:53:02.370 -06:00 [WRN] Compiling a query which loads related collections for more than one collection navigation, either via 'Include' or through projection, but no 'QuerySplittingBehavior' has been configured. By default, Entity Framework will use 'QuerySplittingBehavior.SingleQuery', which can potentially result in slow query performance. See https://go.microsoft.com/fwlink/?linkid=2134277 for more information. To identify the query that's triggering this warning call 'ConfigureWarnings(w => w.Throw(RelationalEventId.MultipleCollectionIncludeWarning))'.
2026-05-16 14:53:02.631 -06:00 [INF] HTTP POST /api/auth/login responded 200 in 2489.2589 ms
2026-05-16 14:53:03.997 -06:00 [INF] HTTP GET /api/print/printers responded 200 in 48.2124 ms
2026-05-16 14:53:04.014 -06:00 [INF] HTTP GET /api/print/printers responded 200 in 9.7076 ms
2026-05-16 14:53:04.387 -06:00 [INF] HTTP GET /api/settings/business responded 200 in 440.9564 ms
2026-05-16 14:53:04.499 -06:00 [INF] HTTP GET /api/settings/business responded 200 in 104.3157 ms
2026-05-16 14:54:01.259 -06:00 [INF] HTTP PUT /api/settings/business responded 200 in 209.0821 ms
2026-05-16 14:56:51.553 -06:00 [INF] HTTP GET /api/discounts responded 200 in 148.9244 ms
2026-05-16 14:56:51.564 -06:00 [INF] HTTP GET /api/discounts responded 200 in 4.4271 ms
2026-05-16 14:56:54.531 -06:00 [INF] HTTP GET /api/guests responded 200 in 216.2426 ms
2026-05-16 14:56:55.309 -06:00 [INF] HTTP GET /api/guests/019e2cb2-4a37-7a7a-8ece-d68ad7c65368/stats responded 200 in 271.6730 ms
2026-05-16 14:56:58.072 -06:00 [INF] HTTP PUT /api/guests/019e2cb2-4a37-7a7a-8ece-d68ad7c65368 responded 204 in 134.9231 ms
2026-05-16 14:57:01.763 -06:00 [INF] HTTP GET /api/rooms/available responded 200 in 343.7422 ms
2026-05-16 14:57:10.399 -06:00 [INF] HTTP POST /api/reservations responded 201 in 349.7194 ms
2026-05-16 14:57:11.060 -06:00 [INF] HTTP POST /api/reservations/checkin responded 200 in 646.7594 ms
2026-05-16 14:57:11.123 -06:00 [WRN] Compiling a query which loads related collections for more than one collection navigation, either via 'Include' or through projection, but no 'QuerySplittingBehavior' has been configured. By default, Entity Framework will use 'QuerySplittingBehavior.SingleQuery', which can potentially result in slow query performance. See https://go.microsoft.com/fwlink/?linkid=2134277 for more information. To identify the query that's triggering this warning call 'ConfigureWarnings(w => w.Throw(RelationalEventId.MultipleCollectionIncludeWarning))'.
2026-05-16 14:57:11.262 -06:00 [INF] HTTP GET /api/print/invoice/019e3294-27e0-773a-99b3-0255a78214a9/preview responded 200 in 184.7677 ms
2026-05-16 14:57:20.354 -06:00 [INF] HTTP POST /api/print/invoice/019e3294-27e0-773a-99b3-0255a78214a9 responded 200 in 909.1673 ms
2026-05-16 14:57:50.332 -06:00 [INF] HTTP GET /api/print/printers responded 200 in 4.8423 ms
2026-05-16 14:57:50.357 -06:00 [INF] HTTP GET /api/print/printers responded 200 in 8.8010 ms
2026-05-16 14:57:50.592 -06:00 [INF] HTTP GET /api/settings/business responded 200 in 269.0508 ms
2026-05-16 14:57:50.784 -06:00 [INF] HTTP GET /api/settings/business responded 200 in 169.1386 ms
2026-05-16 14:57:58.841 -06:00 [INF] HTTP PUT /api/settings/business responded 200 in 139.3145 ms
2026-05-16 15:06:07.181 -06:00 [INF] HTTP GET /api/print/printers responded 200 in 8.2459 ms
2026-05-16 15:06:07.202 -06:00 [INF] HTTP GET /api/print/printers responded 200 in 9.1102 ms
2026-05-16 15:06:07.355 -06:00 [INF] HTTP GET /api/settings/business responded 200 in 190.0311 ms
2026-05-16 15:06:07.526 -06:00 [INF] HTTP GET /api/settings/business responded 200 in 83.3866 ms
2026-05-16 15:06:29.490 -06:00 [INF] HTTP GET /api/print/printers responded 200 in 6.9187 ms
2026-05-16 15:06:29.568 -06:00 [INF] HTTP GET /api/settings/business responded 200 in 88.0695 ms
2026-05-16 15:09:01.550 -06:00 [WRN] Entity 'User' has a global query filter defined and is the required end of a relationship with the entity 'RefreshToken'. This may lead to unexpected results when the required entity is filtered out. Either configure the navigation as optional, or define matching query filters for both entities in the navigation. See https://go.microsoft.com/fwlink/?linkid=2131316 for more information.
2026-05-16 15:09:01.619 -06:00 [WRN] Entity 'Permission' has a global query filter defined and is the required end of a relationship with the entity 'RolePermission'. This may lead to unexpected results when the required entity is filtered out. Either configure the navigation as optional, or define matching query filters for both entities in the navigation. See https://go.microsoft.com/fwlink/?linkid=2131316 for more information.
2026-05-16 15:09:01.619 -06:00 [WRN] Entity 'Role' has a global query filter defined and is the required end of a relationship with the entity 'UserRole'. This may lead to unexpected results when the required entity is filtered out. Either configure the navigation as optional, or define matching query filters for both entities in the navigation. See https://go.microsoft.com/fwlink/?linkid=2131316 for more information.
2026-05-16 15:09:24.111 -06:00 [INF] Starting Hotel ERP API
2026-05-16 15:09:25.673 -06:00 [WRN] Entity 'User' has a global query filter defined and is the required end of a relationship with the entity 'RefreshToken'. This may lead to unexpected results when the required entity is filtered out. Either configure the navigation as optional, or define matching query filters for both entities in the navigation. See https://go.microsoft.com/fwlink/?linkid=2131316 for more information.
2026-05-16 15:09:25.679 -06:00 [WRN] Entity 'Permission' has a global query filter defined and is the required end of a relationship with the entity 'RolePermission'. This may lead to unexpected results when the required entity is filtered out. Either configure the navigation as optional, or define matching query filters for both entities in the navigation. See https://go.microsoft.com/fwlink/?linkid=2131316 for more information.
2026-05-16 15:09:25.681 -06:00 [WRN] Entity 'Role' has a global query filter defined and is the required end of a relationship with the entity 'UserRole'. This may lead to unexpected results when the required entity is filtered out. Either configure the navigation as optional, or define matching query filters for both entities in the navigation. See https://go.microsoft.com/fwlink/?linkid=2131316 for more information.
2026-05-16 15:09:27.227 -06:00 [INF] Migrations applied successfully
2026-05-16 15:09:32.527 -06:00 [WRN] Compiling a query which loads related collections for more than one collection navigation, either via 'Include' or through projection, but no 'QuerySplittingBehavior' has been configured. By default, Entity Framework will use 'QuerySplittingBehavior.SingleQuery', which can potentially result in slow query performance. See https://go.microsoft.com/fwlink/?linkid=2134277 for more information. To identify the query that's triggering this warning call 'ConfigureWarnings(w => w.Throw(RelationalEventId.MultipleCollectionIncludeWarning))'.
2026-05-16 15:09:32.846 -06:00 [INF] HTTP POST /api/auth/login responded 200 in 2967.0947 ms
2026-05-16 15:09:33.460 -06:00 [INF] HTTP GET /api/print/test-preview responded 200 in 469.3143 ms
2026-05-16 15:10:17.358 -06:00 [INF] Starting Hotel ERP API
2026-05-16 15:10:18.410 -06:00 [WRN] Entity 'User' has a global query filter defined and is the required end of a relationship with the entity 'RefreshToken'. This may lead to unexpected results when the required entity is filtered out. Either configure the navigation as optional, or define matching query filters for both entities in the navigation. See https://go.microsoft.com/fwlink/?linkid=2131316 for more information.
2026-05-16 15:10:18.416 -06:00 [WRN] Entity 'Permission' has a global query filter defined and is the required end of a relationship with the entity 'RolePermission'. This may lead to unexpected results when the required entity is filtered out. Either configure the navigation as optional, or define matching query filters for both entities in the navigation. See https://go.microsoft.com/fwlink/?linkid=2131316 for more information.
2026-05-16 15:10:18.418 -06:00 [WRN] Entity 'Role' has a global query filter defined and is the required end of a relationship with the entity 'UserRole'. This may lead to unexpected results when the required entity is filtered out. Either configure the navigation as optional, or define matching query filters for both entities in the navigation. See https://go.microsoft.com/fwlink/?linkid=2131316 for more information.
2026-05-16 15:10:19.400 -06:00 [INF] Migrations applied successfully
2026-05-16 15:10:24.386 -06:00 [INF] HTTP GET /api/print/printers responded 200 in 325.2460 ms
2026-05-16 15:10:24.440 -06:00 [INF] HTTP GET /api/print/printers responded 200 in 41.6223 ms
2026-05-16 15:10:25.650 -06:00 [INF] HTTP GET /api/settings/business responded 200 in 1595.7643 ms
2026-05-16 15:10:25.855 -06:00 [INF] HTTP GET /api/settings/business responded 200 in 223.5651 ms
2026-05-16 15:10:44.077 -06:00 [INF] HTTP GET /api/print/test-preview responded 200 in 121.5369 ms
2026-05-16 15:11:42.510 -06:00 [INF] HTTP POST /api/print/test-print responded 200 in 371.3884 ms
2026-05-16 15:12:30.202 -06:00 [INF] HTTP GET /api/print/test-preview responded 200 in 69.7978 ms
2026-05-16 15:12:34.043 -06:00 [INF] HTTP POST /api/print/test-print responded 200 in 262.5111 ms
2026-05-16 15:12:53.216 -06:00 [INF] HTTP GET /api/print/test-preview responded 200 in 59.6312 ms
2026-05-16 15:13:02.593 -06:00 [INF] HTTP GET /api/print/test-preview responded 200 in 79.5226 ms
2026-05-16 15:13:04.989 -06:00 [INF] HTTP POST /api/print/test-print responded 200 in 377.9950 ms
2026-05-16 15:25:19.877 -06:00 [INF] HTTP GET /api/print/printers responded 200 in 12.4632 ms
2026-05-16 15:25:19.924 -06:00 [INF] HTTP GET /api/print/printers responded 200 in 11.4978 ms
2026-05-16 15:25:20.088 -06:00 [INF] HTTP GET /api/settings/business responded 200 in 224.8324 ms
2026-05-16 15:25:20.191 -06:00 [INF] HTTP GET /api/settings/business responded 200 in 87.8000 ms
2026-05-16 15:27:04.961 -06:00 [WRN] Entity 'User' has a global query filter defined and is the required end of a relationship with the entity 'RefreshToken'. This may lead to unexpected results when the required entity is filtered out. Either configure the navigation as optional, or define matching query filters for both entities in the navigation. See https://go.microsoft.com/fwlink/?linkid=2131316 for more information.
2026-05-16 15:27:05.026 -06:00 [WRN] Entity 'Permission' has a global query filter defined and is the required end of a relationship with the entity 'RolePermission'. This may lead to unexpected results when the required entity is filtered out. Either configure the navigation as optional, or define matching query filters for both entities in the navigation. See https://go.microsoft.com/fwlink/?linkid=2131316 for more information.
2026-05-16 15:27:05.026 -06:00 [WRN] Entity 'Role' has a global query filter defined and is the required end of a relationship with the entity 'UserRole'. This may lead to unexpected results when the required entity is filtered out. Either configure the navigation as optional, or define matching query filters for both entities in the navigation. See https://go.microsoft.com/fwlink/?linkid=2131316 for more information.
2026-05-16 15:27:25.571 -06:00 [INF] Starting Hotel ERP API
2026-05-16 15:27:27.099 -06:00 [WRN] Entity 'User' has a global query filter defined and is the required end of a relationship with the entity 'RefreshToken'. This may lead to unexpected results when the required entity is filtered out. Either configure the navigation as optional, or define matching query filters for both entities in the navigation. See https://go.microsoft.com/fwlink/?linkid=2131316 for more information.
2026-05-16 15:27:27.139 -06:00 [WRN] Entity 'Permission' has a global query filter defined and is the required end of a relationship with the entity 'RolePermission'. This may lead to unexpected results when the required entity is filtered out. Either configure the navigation as optional, or define matching query filters for both entities in the navigation. See https://go.microsoft.com/fwlink/?linkid=2131316 for more information.
2026-05-16 15:27:27.140 -06:00 [WRN] Entity 'Role' has a global query filter defined and is the required end of a relationship with the entity 'UserRole'. This may lead to unexpected results when the required entity is filtered out. Either configure the navigation as optional, or define matching query filters for both entities in the navigation. See https://go.microsoft.com/fwlink/?linkid=2131316 for more information.
2026-05-16 15:27:28.581 -06:00 [INF] Migrations applied successfully
2026-05-16 15:27:34.345 -06:00 [WRN] Compiling a query which loads related collections for more than one collection navigation, either via 'Include' or through projection, but no 'QuerySplittingBehavior' has been configured. By default, Entity Framework will use 'QuerySplittingBehavior.SingleQuery', which can potentially result in slow query performance. See https://go.microsoft.com/fwlink/?linkid=2134277 for more information. To identify the query that's triggering this warning call 'ConfigureWarnings(w => w.Throw(RelationalEventId.MultipleCollectionIncludeWarning))'.
2026-05-16 15:27:34.594 -06:00 [INF] HTTP POST /api/auth/login responded 200 in 1987.3090 ms
2026-05-16 15:27:34.922 -06:00 [INF] HTTP GET /api/print/test-preview responded 200 in 273.6868 ms
2026-05-16 15:38:38.922 -06:00 [INF] Starting Hotel ERP API
2026-05-16 15:38:40.543 -06:00 [WRN] Entity 'User' has a global query filter defined and is the required end of a relationship with the entity 'RefreshToken'. This may lead to unexpected results when the required entity is filtered out. Either configure the navigation as optional, or define matching query filters for both entities in the navigation. See https://go.microsoft.com/fwlink/?linkid=2131316 for more information.
2026-05-16 15:38:40.551 -06:00 [WRN] Entity 'Permission' has a global query filter defined and is the required end of a relationship with the entity 'RolePermission'. This may lead to unexpected results when the required entity is filtered out. Either configure the navigation as optional, or define matching query filters for both entities in the navigation. See https://go.microsoft.com/fwlink/?linkid=2131316 for more information.
2026-05-16 15:38:40.553 -06:00 [WRN] Entity 'Role' has a global query filter defined and is the required end of a relationship with the entity 'UserRole'. This may lead to unexpected results when the required entity is filtered out. Either configure the navigation as optional, or define matching query filters for both entities in the navigation. See https://go.microsoft.com/fwlink/?linkid=2131316 for more information.
2026-05-16 15:38:41.930 -06:00 [INF] Migrations applied successfully
2026-05-16 15:40:24.651 -06:00 [INF] HTTP GET /api/print/printers responded 200 in 279.7813 ms
2026-05-16 15:40:24.682 -06:00 [INF] HTTP GET /api/print/printers responded 200 in 20.9038 ms
2026-05-16 15:40:25.546 -06:00 [INF] HTTP GET /api/settings/business responded 200 in 1178.4559 ms
2026-05-16 15:40:25.741 -06:00 [INF] HTTP GET /api/settings/business responded 200 in 147.2509 ms
2026-05-16 15:40:28.351 -06:00 [INF] HTTP GET /api/print/test-preview responded 200 in 100.1615 ms
2026-05-16 15:40:37.600 -06:00 [INF] HTTP GET /api/print/test-preview responded 200 in 49.3160 ms
2026-05-16 15:40:40.315 -06:00 [INF] HTTP GET /api/print/test-preview responded 200 in 48.0027 ms
2026-05-16 15:40:44.511 -06:00 [INF] HTTP GET /api/print/test-preview responded 200 in 46.7711 ms
2026-05-16 15:40:44.943 -06:00 [INF] HTTP GET /api/print/test-preview responded 200 in 54.0263 ms
2026-05-16 15:40:45.216 -06:00 [INF] HTTP GET /api/print/test-preview responded 200 in 38.1475 ms
2026-05-16 15:41:12.503 -06:00 [INF] HTTP GET /api/print/test-preview responded 200 in 61.3021 ms
2026-05-16 15:41:14.089 -06:00 [INF] HTTP GET /api/print/test-preview responded 200 in 55.9885 ms
2026-05-16 15:41:29.345 -06:00 [INF] HTTP POST /api/print/test-print responded 200 in 524.8431 ms
2026-05-16 15:47:55.344 -06:00 [INF] HTTP GET /api/print/printers responded 200 in 5.3322 ms
2026-05-16 15:47:55.356 -06:00 [INF] HTTP GET /api/print/printers responded 200 in 3.8919 ms
2026-05-16 15:47:55.615 -06:00 [INF] HTTP GET /api/settings/business responded 200 in 284.0091 ms
2026-05-16 15:47:55.794 -06:00 [INF] HTTP GET /api/settings/business responded 200 in 122.2035 ms
2026-05-16 15:48:46.466 -06:00 [INF] HTTP GET /api/print/printers responded 200 in 4.5060 ms
2026-05-16 15:48:46.541 -06:00 [INF] HTTP GET /api/settings/business responded 200 in 80.4696 ms
2026-05-16 15:48:47.545 -06:00 [INF] HTTP GET /api/print/test-preview responded 200 in 106.5206 ms
2026-05-16 15:49:12.455 -06:00 [INF] HTTP GET /api/print/printers responded 200 in 2.6144 ms
2026-05-16 15:49:12.540 -06:00 [INF] HTTP GET /api/settings/business responded 200 in 87.8337 ms
2026-05-16 15:49:13.547 -06:00 [INF] HTTP GET /api/print/test-preview responded 200 in 103.2469 ms
2026-05-16 15:51:15.318 -06:00 [WRN] Entity 'User' has a global query filter defined and is the required end of a relationship with the entity 'RefreshToken'. This may lead to unexpected results when the required entity is filtered out. Either configure the navigation as optional, or define matching query filters for both entities in the navigation. See https://go.microsoft.com/fwlink/?linkid=2131316 for more information.
2026-05-16 15:51:15.420 -06:00 [WRN] Entity 'Permission' has a global query filter defined and is the required end of a relationship with the entity 'RolePermission'. This may lead to unexpected results when the required entity is filtered out. Either configure the navigation as optional, or define matching query filters for both entities in the navigation. See https://go.microsoft.com/fwlink/?linkid=2131316 for more information.
2026-05-16 15:51:15.421 -06:00 [WRN] Entity 'Role' has a global query filter defined and is the required end of a relationship with the entity 'UserRole'. This may lead to unexpected results when the required entity is filtered out. Either configure the navigation as optional, or define matching query filters for both entities in the navigation. See https://go.microsoft.com/fwlink/?linkid=2131316 for more information.
2026-05-16 15:51:42.681 -06:00 [INF] Starting Hotel ERP API
2026-05-16 15:51:44.721 -06:00 [WRN] Entity 'User' has a global query filter defined and is the required end of a relationship with the entity 'RefreshToken'. This may lead to unexpected results when the required entity is filtered out. Either configure the navigation as optional, or define matching query filters for both entities in the navigation. See https://go.microsoft.com/fwlink/?linkid=2131316 for more information.
2026-05-16 15:51:44.730 -06:00 [WRN] Entity 'Permission' has a global query filter defined and is the required end of a relationship with the entity 'RolePermission'. This may lead to unexpected results when the required entity is filtered out. Either configure the navigation as optional, or define matching query filters for both entities in the navigation. See https://go.microsoft.com/fwlink/?linkid=2131316 for more information.
2026-05-16 15:51:44.731 -06:00 [WRN] Entity 'Role' has a global query filter defined and is the required end of a relationship with the entity 'UserRole'. This may lead to unexpected results when the required entity is filtered out. Either configure the navigation as optional, or define matching query filters for both entities in the navigation. See https://go.microsoft.com/fwlink/?linkid=2131316 for more information.
2026-05-16 15:51:46.516 -06:00 [INF] Migrations applied successfully
2026-05-16 15:51:50.470 -06:00 [WRN] Compiling a query which loads related collections for more than one collection navigation, either via 'Include' or through projection, but no 'QuerySplittingBehavior' has been configured. By default, Entity Framework will use 'QuerySplittingBehavior.SingleQuery', which can potentially result in slow query performance. See https://go.microsoft.com/fwlink/?linkid=2134277 for more information. To identify the query that's triggering this warning call 'ConfigureWarnings(w => w.Throw(RelationalEventId.MultipleCollectionIncludeWarning))'.
2026-05-16 15:51:50.958 -06:00 [INF] HTTP POST /api/auth/login responded 200 in 3762.4612 ms
2026-05-16 15:51:51.591 -06:00 [INF] HTTP GET /api/print/test-preview responded 200 in 527.8475 ms
2026-05-16 15:56:58.900 -06:00 [INF] Starting Hotel ERP API
2026-05-16 15:57:00.429 -06:00 [WRN] Entity 'User' has a global query filter defined and is the required end of a relationship with the entity 'RefreshToken'. This may lead to unexpected results when the required entity is filtered out. Either configure the navigation as optional, or define matching query filters for both entities in the navigation. See https://go.microsoft.com/fwlink/?linkid=2131316 for more information.
2026-05-16 15:57:00.436 -06:00 [WRN] Entity 'Permission' has a global query filter defined and is the required end of a relationship with the entity 'RolePermission'. This may lead to unexpected results when the required entity is filtered out. Either configure the navigation as optional, or define matching query filters for both entities in the navigation. See https://go.microsoft.com/fwlink/?linkid=2131316 for more information.
2026-05-16 15:57:00.439 -06:00 [WRN] Entity 'Role' has a global query filter defined and is the required end of a relationship with the entity 'UserRole'. This may lead to unexpected results when the required entity is filtered out. Either configure the navigation as optional, or define matching query filters for both entities in the navigation. See https://go.microsoft.com/fwlink/?linkid=2131316 for more information.
2026-05-16 15:57:01.817 -06:00 [INF] Migrations applied successfully
2026-05-16 15:57:30.816 -06:00 [INF] HTTP GET /api/print/test-preview responded 401 in 165.7908 ms
2026-05-16 15:57:31.127 -06:00 [INF] HTTP POST /api/auth/refresh responded 401 in 245.4835 ms
2026-05-16 15:57:36.126 -06:00 [WRN] Compiling a query which loads related collections for more than one collection navigation, either via 'Include' or through projection, but no 'QuerySplittingBehavior' has been configured. By default, Entity Framework will use 'QuerySplittingBehavior.SingleQuery', which can potentially result in slow query performance. See https://go.microsoft.com/fwlink/?linkid=2134277 for more information. To identify the query that's triggering this warning call 'ConfigureWarnings(w => w.Throw(RelationalEventId.MultipleCollectionIncludeWarning))'.
2026-05-16 15:57:36.373 -06:00 [INF] HTTP POST /api/auth/login responded 200 in 2101.1353 ms
2026-05-16 15:57:38.494 -06:00 [INF] HTTP GET /api/print/printers responded 200 in 45.2901 ms
2026-05-16 15:57:38.515 -06:00 [INF] HTTP GET /api/print/printers responded 200 in 13.9451 ms
2026-05-16 15:57:38.940 -06:00 [INF] HTTP GET /api/settings/business responded 200 in 495.1310 ms
2026-05-16 15:57:39.095 -06:00 [INF] HTTP GET /api/settings/business responded 200 in 127.3508 ms
2026-05-16 15:57:39.239 -06:00 [INF] HTTP GET /api/print/test-preview responded 200 in 270.3143 ms
2026-05-16 15:57:40.114 -06:00 [INF] HTTP GET /api/print/test-preview responded 200 in 56.2944 ms
2026-05-16 15:57:49.005 -06:00 [INF] HTTP GET /api/print/test-preview responded 200 in 47.1310 ms
2026-05-16 15:58:11.823 -06:00 [INF] HTTP POST /api/print/test-ruler responded 405 in 0.4937 ms
2026-05-16 16:02:27.375 -06:00 [INF] Starting Hotel ERP API
2026-05-16 16:02:28.475 -06:00 [WRN] Entity 'User' has a global query filter defined and is the required end of a relationship with the entity 'RefreshToken'. This may lead to unexpected results when the required entity is filtered out. Either configure the navigation as optional, or define matching query filters for both entities in the navigation. See https://go.microsoft.com/fwlink/?linkid=2131316 for more information.
2026-05-16 16:02:28.485 -06:00 [WRN] Entity 'Permission' has a global query filter defined and is the required end of a relationship with the entity 'RolePermission'. This may lead to unexpected results when the required entity is filtered out. Either configure the navigation as optional, or define matching query filters for both entities in the navigation. See https://go.microsoft.com/fwlink/?linkid=2131316 for more information.
2026-05-16 16:02:28.493 -06:00 [WRN] Entity 'Role' has a global query filter defined and is the required end of a relationship with the entity 'UserRole'. This may lead to unexpected results when the required entity is filtered out. Either configure the navigation as optional, or define matching query filters for both entities in the navigation. See https://go.microsoft.com/fwlink/?linkid=2131316 for more information.
2026-05-16 16:02:29.631 -06:00 [INF] Migrations applied successfully
2026-05-16 16:02:37.655 -06:00 [INF] HTTP POST /api/print/test-ruler responded 200 in 1172.2741 ms
2026-05-16 16:03:13.163 -06:00 [INF] HTTP GET /api/print/test-preview responded 200 in 184.9494 ms
2026-05-16 16:03:14.652 -06:00 [INF] HTTP GET /api/print/test-preview responded 200 in 66.1590 ms
2026-05-16 16:03:15.765 -06:00 [INF] HTTP POST /api/print/test-ruler responded 200 in 112.3893 ms
2026-05-16 16:03:45.812 -06:00 [INF] HTTP GET /api/print/test-preview responded 200 in 78.9557 ms
2026-05-16 16:03:48.119 -06:00 [INF] HTTP GET /api/print/test-preview responded 200 in 55.0948 ms
2026-05-16 16:03:55.218 -06:00 [INF] HTTP GET /api/print/test-preview responded 200 in 52.9005 ms
2026-05-16 16:04:01.544 -06:00 [INF] HTTP GET /api/print/test-preview responded 200 in 45.5332 ms
2026-05-16 16:04:02.594 -06:00 [INF] HTTP GET /api/print/test-preview responded 200 in 80.4221 ms
2026-05-16 16:04:05.190 -06:00 [INF] HTTP GET /api/print/test-preview responded 200 in 41.8729 ms
2026-05-16 16:04:05.817 -06:00 [INF] HTTP GET /api/print/test-preview responded 200 in 55.0402 ms
2026-05-16 16:04:07.485 -06:00 [INF] HTTP GET /api/print/test-preview responded 200 in 54.2575 ms
2026-05-16 16:04:12.397 -06:00 [INF] HTTP POST /api/print/test-ruler responded 200 in 102.9683 ms
2026-05-16 16:08:13.050 -06:00 [INF] HTTP GET /api/print/printers responded 200 in 25.7403 ms
2026-05-16 16:08:13.060 -06:00 [INF] HTTP GET /api/print/printers responded 200 in 2.9057 ms
2026-05-16 16:08:13.443 -06:00 [INF] HTTP GET /api/settings/business responded 200 in 417.7060 ms
2026-05-16 16:08:13.585 -06:00 [INF] HTTP GET /api/settings/business responded 200 in 82.4692 ms
2026-05-16 16:08:13.969 -06:00 [INF] HTTP GET /api/print/test-preview responded 200 in 108.7398 ms
2026-05-16 16:08:14.387 -06:00 [INF] HTTP GET /api/print/test-preview responded 200 in 50.6553 ms
2026-05-16 16:08:24.089 -06:00 [INF] HTTP GET /api/print/test-preview responded 200 in 48.7655 ms
2026-05-16 16:08:24.652 -06:00 [INF] HTTP GET /api/print/test-preview responded 200 in 61.4362 ms
2026-05-16 16:08:31.383 -06:00 [INF] HTTP GET /api/print/test-preview responded 200 in 44.5116 ms
2026-05-16 16:08:32.604 -06:00 [INF] HTTP GET /api/print/test-preview responded 200 in 50.5293 ms
2026-05-16 16:08:34.133 -06:00 [INF] HTTP GET /api/print/test-preview responded 200 in 44.1183 ms
2026-05-16 16:08:35.331 -06:00 [INF] HTTP GET /api/print/test-preview responded 200 in 58.0034 ms
2026-05-16 16:29:26.491 -06:00 [INF] HTTP GET /api/print/printers responded 200 in 5.1341 ms
2026-05-16 16:29:26.769 -06:00 [INF] HTTP GET /api/settings/business responded 200 in 291.1854 ms
2026-05-16 16:29:28.486 -06:00 [INF] HTTP GET /api/print/test-preview responded 200 in 48.9603 ms
2026-05-16 16:29:38.465 -06:00 [INF] HTTP GET /api/print/printers responded 200 in 2.2522 ms
2026-05-16 16:29:38.539 -06:00 [INF] HTTP GET /api/settings/business responded 200 in 77.2015 ms
2026-05-16 16:29:39.500 -06:00 [INF] HTTP GET /api/print/test-preview responded 200 in 64.3743 ms
2026-05-16 16:29:46.496 -06:00 [INF] HTTP GET /api/print/printers responded 200 in 2.5004 ms
2026-05-16 16:29:46.628 -06:00 [INF] HTTP GET /api/settings/business responded 200 in 135.3487 ms
2026-05-16 16:29:47.499 -06:00 [INF] HTTP GET /api/print/test-preview responded 200 in 65.7310 ms
2026-05-16 16:35:32.777 -06:00 [INF] Starting Hotel ERP API
2026-05-16 16:35:34.738 -06:00 [WRN] Entity 'User' has a global query filter defined and is the required end of a relationship with the entity 'RefreshToken'. This may lead to unexpected results when the required entity is filtered out. Either configure the navigation as optional, or define matching query filters for both entities in the navigation. See https://go.microsoft.com/fwlink/?linkid=2131316 for more information.
2026-05-16 16:35:34.746 -06:00 [WRN] Entity 'Permission' has a global query filter defined and is the required end of a relationship with the entity 'RolePermission'. This may lead to unexpected results when the required entity is filtered out. Either configure the navigation as optional, or define matching query filters for both entities in the navigation. See https://go.microsoft.com/fwlink/?linkid=2131316 for more information.
2026-05-16 16:35:34.748 -06:00 [WRN] Entity 'Role' has a global query filter defined and is the required end of a relationship with the entity 'UserRole'. This may lead to unexpected results when the required entity is filtered out. Either configure the navigation as optional, or define matching query filters for both entities in the navigation. See https://go.microsoft.com/fwlink/?linkid=2131316 for more information.
2026-05-16 16:35:36.194 -06:00 [INF] Migrations applied successfully
2026-05-16 16:35:51.679 -06:00 [INF] HTTP GET /api/print/printers responded 200 in 280.3517 ms
2026-05-16 16:35:51.745 -06:00 [INF] HTTP GET /api/print/printers responded 200 in 32.1308 ms
2026-05-16 16:35:52.577 -06:00 [INF] HTTP GET /api/print/test-preview responded 200 in 832.8743 ms
2026-05-16 16:35:52.606 -06:00 [INF] HTTP GET /api/settings/business responded 200 in 1210.8119 ms
2026-05-16 16:35:52.765 -06:00 [INF] HTTP GET /api/settings/business responded 200 in 64.2177 ms
2026-05-16 16:35:54.005 -06:00 [INF] HTTP GET /api/print/printers responded 200 in 6.6379 ms
2026-05-16 16:35:54.029 -06:00 [INF] HTTP GET /api/print/printers responded 200 in 10.6217 ms
2026-05-16 16:35:54.127 -06:00 [INF] HTTP GET /api/settings/business responded 200 in 130.2410 ms
2026-05-16 16:35:54.262 -06:00 [INF] HTTP GET /api/settings/business responded 200 in 124.0813 ms
2026-05-16 16:35:55.255 -06:00 [INF] HTTP GET /api/print/test-preview responded 200 in 75.3939 ms
2026-05-16 16:36:00.131 -06:00 [INF] HTTP POST /api/print/test-ruler responded 200 in 206.1900 ms
2026-05-16 16:40:42.754 -06:00 [INF] HTTP GET /api/print/test-preview responded 200 in 106.1988 ms
2026-05-16 16:40:49.378 -06:00 [INF] HTTP GET /api/print/test-preview responded 200 in 45.5462 ms
2026-05-16 16:40:50.360 -06:00 [INF] HTTP GET /api/print/test-preview responded 200 in 51.9665 ms
2026-05-16 16:40:53.758 -06:00 [INF] HTTP GET /api/print/test-preview responded 200 in 44.1356 ms
2026-05-16 16:40:54.805 -06:00 [INF] HTTP GET /api/print/test-preview responded 200 in 47.5147 ms
2026-05-16 16:40:57.485 -06:00 [INF] HTTP GET /api/print/test-preview responded 200 in 58.8582 ms
2026-05-16 16:40:59.647 -06:00 [INF] HTTP GET /api/print/test-preview responded 200 in 71.7256 ms
2026-05-16 16:41:01.190 -06:00 [INF] HTTP GET /api/print/test-preview responded 200 in 54.8726 ms
2026-05-16 16:41:03.440 -06:00 [INF] HTTP GET /api/print/test-preview responded 200 in 58.0191 ms
2026-05-16 16:41:05.377 -06:00 [INF] HTTP GET /api/print/test-preview responded 200 in 72.8100 ms
2026-05-16 16:41:07.065 -06:00 [INF] HTTP GET /api/print/test-preview responded 200 in 53.2089 ms
2026-05-16 16:41:16.215 -06:00 [INF] HTTP GET /api/print/test responded 200 in 110.8941 ms
2026-05-16 16:41:20.149 -06:00 [INF] HTTP POST /api/print/test-print responded 200 in 351.8548 ms
2026-05-16 16:42:12.631 -06:00 [INF] HTTP GET /api/print/test-preview responded 200 in 79.2100 ms
2026-05-16 16:42:14.020 -06:00 [INF] HTTP POST /api/print/test-print responded 200 in 278.4100 ms
2026-05-16 16:45:03.421 -06:00 [INF] HTTP GET /api/print/test-preview responded 200 in 63.4501 ms
2026-05-16 16:45:04.069 -06:00 [INF] HTTP GET /api/print/test-preview responded 200 in 88.2000 ms
2026-05-16 16:45:04.995 -06:00 [INF] HTTP GET /api/print/test-preview responded 200 in 123.3088 ms
2026-05-16 16:45:28.211 -06:00 [INF] HTTP GET /api/print/printers responded 200 in 3.4521 ms
2026-05-16 16:45:28.268 -06:00 [INF] HTTP GET /api/settings/business responded 200 in 63.5539 ms
2026-05-16 16:45:29.020 -06:00 [INF] HTTP GET /api/print/test-preview responded 200 in 73.5581 ms
2026-05-16 16:45:29.274 -06:00 [INF] HTTP GET /api/print/printers responded 200 in 2.1349 ms
2026-05-16 16:45:29.350 -06:00 [INF] HTTP GET /api/settings/business responded 200 in 78.7497 ms
2026-05-16 16:45:29.835 -06:00 [INF] HTTP GET /api/print/test-preview responded 200 in 58.9679 ms
2026-05-16 16:47:44.641 -06:00 [INF] Starting Hotel ERP API
2026-05-16 16:47:46.221 -06:00 [WRN] Entity 'User' has a global query filter defined and is the required end of a relationship with the entity 'RefreshToken'. This may lead to unexpected results when the required entity is filtered out. Either configure the navigation as optional, or define matching query filters for both entities in the navigation. See https://go.microsoft.com/fwlink/?linkid=2131316 for more information.
2026-05-16 16:47:46.230 -06:00 [WRN] Entity 'Permission' has a global query filter defined and is the required end of a relationship with the entity 'RolePermission'. This may lead to unexpected results when the required entity is filtered out. Either configure the navigation as optional, or define matching query filters for both entities in the navigation. See https://go.microsoft.com/fwlink/?linkid=2131316 for more information.
2026-05-16 16:47:46.233 -06:00 [WRN] Entity 'Role' has a global query filter defined and is the required end of a relationship with the entity 'UserRole'. This may lead to unexpected results when the required entity is filtered out. Either configure the navigation as optional, or define matching query filters for both entities in the navigation. See https://go.microsoft.com/fwlink/?linkid=2131316 for more information.
2026-05-16 16:47:47.884 -06:00 [INF] Migrations applied successfully
2026-05-16 16:47:58.147 -06:00 [INF] HTTP GET /api/print/printers responded 200 in 247.3306 ms
2026-05-16 16:47:58.177 -06:00 [INF] HTTP GET /api/print/printers responded 200 in 21.4716 ms
2026-05-16 16:47:59.046 -06:00 [INF] HTTP GET /api/print/test-preview responded 200 in 820.4250 ms
2026-05-16 16:47:59.058 -06:00 [INF] HTTP GET /api/settings/business responded 200 in 1163.5250 ms
2026-05-16 16:47:59.270 -06:00 [INF] HTTP GET /api/settings/business responded 200 in 146.5318 ms
2026-05-16 16:48:00.188 -06:00 [INF] HTTP GET /api/print/test-preview responded 200 in 66.1903 ms
2026-05-16 16:48:08.291 -06:00 [INF] HTTP POST /api/print/test-ruler responded 200 in 163.1983 ms
2026-05-16 16:48:50.461 -06:00 [INF] HTTP GET /api/print/test-preview responded 200 in 64.2210 ms
2026-05-16 16:49:48.907 -06:00 [INF] HTTP POST /api/print/test-print responded 200 in 346.1445 ms
2026-05-16 16:51:35.536 -06:00 [INF] HTTP GET /api/print/test-preview responded 200 in 52.4583 ms
2026-05-16 16:51:36.300 -06:00 [INF] HTTP GET /api/print/test-preview responded 200 in 62.1430 ms
2026-05-16 16:51:37.258 -06:00 [INF] HTTP GET /api/print/test-preview responded 200 in 70.2395 ms
2026-05-16 16:51:46.901 -06:00 [INF] HTTP POST /api/print/test-print responded 200 in 337.6664 ms
2026-05-16 16:51:59.035 -06:00 [INF] HTTP PUT /api/settings/business responded 200 in 372.7829 ms
2026-05-16 16:52:03.327 -06:00 [INF] HTTP POST /api/print/test-print responded 200 in 266.3063 ms
2026-05-16 16:52:12.767 -06:00 [INF] HTTP GET /api/print/test-preview responded 200 in 59.2530 ms
2026-05-16 16:52:13.878 -06:00 [INF] HTTP GET /api/print/test-preview responded 200 in 53.5795 ms
2026-05-16 16:52:14.463 -06:00 [INF] HTTP GET /api/print/test-preview responded 200 in 59.1358 ms
2026-05-16 16:52:15.182 -06:00 [INF] HTTP GET /api/print/test-preview responded 200 in 87.5775 ms
2026-05-16 16:52:17.556 -06:00 [INF] HTTP POST /api/print/test-print responded 200 in 391.6558 ms
2026-05-16 16:52:20.415 -06:00 [INF] HTTP PUT /api/settings/business responded 200 in 136.1955 ms
2026-05-16 16:52:32.134 -06:00 [INF] HTTP PUT /api/settings/business responded 200 in 116.6356 ms
2026-05-16 16:52:34.043 -06:00 [INF] HTTP POST /api/print/test-print responded 200 in 269.3596 ms
2026-05-16 16:53:06.573 -06:00 [INF] HTTP GET /api/print/printers responded 200 in 8.2003 ms
2026-05-16 16:53:06.595 -06:00 [INF] HTTP GET /api/print/printers responded 200 in 7.8734 ms
2026-05-16 16:53:06.766 -06:00 [INF] HTTP GET /api/settings/business responded 200 in 204.1648 ms
2026-05-16 16:53:06.888 -06:00 [INF] HTTP GET /api/settings/business responded 200 in 107.5050 ms
2026-05-16 16:53:07.975 -06:00 [INF] HTTP GET /api/print/test-preview responded 200 in 55.8563 ms
2026-05-16 16:54:27.526 -06:00 [INF] HTTP GET /api/print/test-preview responded 200 in 53.8421 ms
2026-05-16 16:54:30.628 -06:00 [INF] HTTP GET /api/print/test-preview responded 200 in 49.5315 ms
2026-05-16 16:54:35.085 -06:00 [INF] HTTP GET /api/print/test-preview responded 200 in 56.3438 ms
2026-05-16 16:54:38.220 -06:00 [INF] HTTP GET /api/print/test-preview responded 200 in 45.9735 ms
2026-05-16 16:54:40.295 -06:00 [INF] HTTP GET /api/print/test-preview responded 200 in 44.3457 ms
2026-05-16 16:54:46.440 -06:00 [INF] HTTP GET /api/print/test-preview responded 200 in 69.1048 ms
2026-05-16 16:54:47.458 -06:00 [INF] HTTP PUT /api/settings/business responded 200 in 114.5176 ms
2026-05-16 16:54:50.131 -06:00 [INF] HTTP GET /api/print/printers responded 200 in 6.3868 ms
2026-05-16 16:54:50.151 -06:00 [INF] HTTP GET /api/print/printers responded 200 in 10.1222 ms
2026-05-16 16:54:50.271 -06:00 [INF] HTTP GET /api/settings/business responded 200 in 149.2053 ms
2026-05-16 16:54:50.409 -06:00 [INF] HTTP GET /api/settings/business responded 200 in 71.3818 ms
2026-05-16 16:54:51.244 -06:00 [INF] HTTP GET /api/print/test-preview responded 200 in 75.5759 ms
2026-05-16 16:54:51.688 -06:00 [INF] HTTP GET /api/print/test-preview responded 200 in 49.7409 ms
2026-05-16 16:54:58.847 -06:00 [INF] HTTP GET /api/print/test-preview responded 200 in 50.8874 ms
2026-05-16 16:54:59.779 -06:00 [INF] HTTP PUT /api/settings/business responded 200 in 112.2591 ms
2026-05-16 16:55:02.846 -06:00 [INF] HTTP GET /api/print/printers responded 200 in 3.1632 ms
2026-05-16 16:55:02.885 -06:00 [INF] HTTP GET /api/print/printers responded 200 in 9.1560 ms
2026-05-16 16:55:02.939 -06:00 [INF] HTTP GET /api/settings/business responded 200 in 132.5998 ms
2026-05-16 16:55:03.101 -06:00 [INF] HTTP GET /api/settings/business responded 200 in 125.3756 ms
2026-05-16 16:55:04.175 -06:00 [INF] HTTP GET /api/print/test-preview responded 200 in 46.3222 ms
2026-05-16 16:58:43.338 -06:00 [INF] HTTP PUT /api/settings/business responded 401 in 63.7002 ms
2026-05-16 16:58:43.449 -06:00 [INF] HTTP POST /api/auth/refresh responded 401 in 52.6908 ms
2026-05-16 16:58:47.559 -06:00 [WRN] Compiling a query which loads related collections for more than one collection navigation, either via 'Include' or through projection, but no 'QuerySplittingBehavior' has been configured. By default, Entity Framework will use 'QuerySplittingBehavior.SingleQuery', which can potentially result in slow query performance. See https://go.microsoft.com/fwlink/?linkid=2134277 for more information. To identify the query that's triggering this warning call 'ConfigureWarnings(w => w.Throw(RelationalEventId.MultipleCollectionIncludeWarning))'.
2026-05-16 16:58:47.793 -06:00 [INF] HTTP POST /api/auth/login responded 200 in 1351.8318 ms
2026-05-16 16:58:49.194 -06:00 [INF] HTTP GET /api/print/printers responded 200 in 3.0595 ms
2026-05-16 16:58:49.209 -06:00 [INF] HTTP GET /api/print/printers responded 200 in 6.1898 ms
2026-05-16 16:58:49.297 -06:00 [INF] HTTP GET /api/settings/business responded 200 in 107.7213 ms
2026-05-16 16:58:49.442 -06:00 [INF] HTTP GET /api/settings/business responded 200 in 97.2423 ms
2026-05-16 16:58:50.573 -06:00 [INF] HTTP GET /api/print/test-preview responded 200 in 59.2887 ms
2026-05-16 16:58:55.712 -06:00 [INF] HTTP PUT /api/settings/business responded 200 in 205.3037 ms
2026-05-16 16:59:03.174 -06:00 [INF] HTTP GET /api/print/printers responded 200 in 3.4373 ms
2026-05-16 16:59:03.190 -06:00 [INF] HTTP GET /api/print/printers responded 200 in 5.8509 ms
2026-05-16 16:59:03.274 -06:00 [INF] HTTP GET /api/settings/business responded 200 in 105.4056 ms
2026-05-16 16:59:03.489 -06:00 [INF] HTTP GET /api/settings/business responded 200 in 107.6575 ms
2026-05-16 16:59:04.399 -06:00 [INF] HTTP GET /api/print/test-preview responded 200 in 56.9264 ms
2026-05-16 16:59:06.700 -06:00 [INF] HTTP PUT /api/settings/business responded 200 in 145.9390 ms
2026-05-16 16:59:09.752 -06:00 [INF] HTTP POST /api/print/test-print responded 200 in 360.2328 ms
2026-05-16 17:06:24.458 -06:00 [INF] HTTP GET /api/print/printers responded 200 in 4.0650 ms
2026-05-16 17:06:24.561 -06:00 [INF] HTTP GET /api/settings/business responded 200 in 110.8390 ms
2026-05-16 17:06:25.498 -06:00 [INF] HTTP GET /api/print/printers responded 200 in 3.3103 ms
2026-05-16 17:06:25.524 -06:00 [INF] HTTP GET /api/print/test-preview responded 200 in 83.7187 ms
2026-05-16 17:06:25.686 -06:00 [INF] HTTP GET /api/settings/business responded 200 in 203.6015 ms
2026-05-16 17:06:26.476 -06:00 [INF] HTTP GET /api/print/test-preview responded 200 in 47.9111 ms
2026-05-16 17:08:55.377 -06:00 [INF] Starting Hotel ERP API
2026-05-16 17:08:57.112 -06:00 [WRN] Entity 'User' has a global query filter defined and is the required end of a relationship with the entity 'RefreshToken'. This may lead to unexpected results when the required entity is filtered out. Either configure the navigation as optional, or define matching query filters for both entities in the navigation. See https://go.microsoft.com/fwlink/?linkid=2131316 for more information.
2026-05-16 17:08:57.120 -06:00 [WRN] Entity 'Permission' has a global query filter defined and is the required end of a relationship with the entity 'RolePermission'. This may lead to unexpected results when the required entity is filtered out. Either configure the navigation as optional, or define matching query filters for both entities in the navigation. See https://go.microsoft.com/fwlink/?linkid=2131316 for more information.
2026-05-16 17:08:57.122 -06:00 [WRN] Entity 'Role' has a global query filter defined and is the required end of a relationship with the entity 'UserRole'. This may lead to unexpected results when the required entity is filtered out. Either configure the navigation as optional, or define matching query filters for both entities in the navigation. See https://go.microsoft.com/fwlink/?linkid=2131316 for more information.
2026-05-16 17:08:58.568 -06:00 [INF] Migrations applied successfully
2026-05-16 17:09:09.620 -06:00 [INF] HTTP GET /api/print/printers responded 200 in 238.5144 ms
2026-05-16 17:09:09.653 -06:00 [INF] HTTP GET /api/print/printers responded 200 in 21.4450 ms
2026-05-16 17:09:10.468 -06:00 [INF] HTTP GET /api/print/test-preview responded 200 in 763.2407 ms
2026-05-16 17:09:10.496 -06:00 [INF] HTTP GET /api/settings/business responded 200 in 1117.7758 ms
2026-05-16 17:09:10.685 -06:00 [INF] HTTP GET /api/settings/business responded 200 in 170.5178 ms
2026-05-16 17:09:11.868 -06:00 [INF] HTTP GET /api/print/test-preview responded 200 in 73.2699 ms
2026-05-16 17:09:51.054 -06:00 [INF] HTTP PUT /api/settings/business responded 200 in 335.3880 ms
2026-05-16 17:09:53.671 -06:00 [INF] HTTP POST /api/print/test-print responded 200 in 494.4962 ms
2026-05-16 17:15:07.898 -06:00 [INF] HTTP GET /api/print/test-preview responded 200 in 97.8142 ms
2026-05-16 17:15:09.658 -06:00 [INF] HTTP GET /api/print/test-preview responded 200 in 62.2075 ms
2026-05-16 17:26:49.037 -06:00 [INF] Starting Hotel ERP API
2026-05-16 17:26:50.566 -06:00 [WRN] Entity 'User' has a global query filter defined and is the required end of a relationship with the entity 'RefreshToken'. This may lead to unexpected results when the required entity is filtered out. Either configure the navigation as optional, or define matching query filters for both entities in the navigation. See https://go.microsoft.com/fwlink/?linkid=2131316 for more information.
2026-05-16 17:26:50.574 -06:00 [WRN] Entity 'Permission' has a global query filter defined and is the required end of a relationship with the entity 'RolePermission'. This may lead to unexpected results when the required entity is filtered out. Either configure the navigation as optional, or define matching query filters for both entities in the navigation. See https://go.microsoft.com/fwlink/?linkid=2131316 for more information.
2026-05-16 17:26:50.576 -06:00 [WRN] Entity 'Role' has a global query filter defined and is the required end of a relationship with the entity 'UserRole'. This may lead to unexpected results when the required entity is filtered out. Either configure the navigation as optional, or define matching query filters for both entities in the navigation. See https://go.microsoft.com/fwlink/?linkid=2131316 for more information.
2026-05-16 17:26:51.994 -06:00 [INF] Migrations applied successfully
2026-05-16 17:27:07.682 -06:00 [INF] HTTP GET /api/print/printers responded 200 in 204.2889 ms
2026-05-16 17:27:07.713 -06:00 [INF] HTTP GET /api/print/printers responded 200 in 22.1763 ms
2026-05-16 17:27:08.631 -06:00 [INF] HTTP GET /api/print/test-preview responded 200 in 795.4079 ms
2026-05-16 17:27:08.640 -06:00 [INF] HTTP GET /api/settings/business responded 200 in 1165.7722 ms
2026-05-16 17:27:08.878 -06:00 [INF] HTTP GET /api/settings/business responded 200 in 147.8652 ms
2026-05-16 17:27:09.743 -06:00 [INF] HTTP GET /api/print/test-preview responded 200 in 57.2046 ms
2026-05-16 17:27:30.819 -06:00 [INF] HTTP POST /api/print/test-print responded 200 in 330.3605 ms
2026-05-16 17:44:19.294 -06:00 [INF] Starting Hotel ERP API
2026-05-16 17:44:20.447 -06:00 [WRN] Entity 'User' has a global query filter defined and is the required end of a relationship with the entity 'RefreshToken'. This may lead to unexpected results when the required entity is filtered out. Either configure the navigation as optional, or define matching query filters for both entities in the navigation. See https://go.microsoft.com/fwlink/?linkid=2131316 for more information.
2026-05-16 17:44:20.453 -06:00 [WRN] Entity 'Permission' has a global query filter defined and is the required end of a relationship with the entity 'RolePermission'. This may lead to unexpected results when the required entity is filtered out. Either configure the navigation as optional, or define matching query filters for both entities in the navigation. See https://go.microsoft.com/fwlink/?linkid=2131316 for more information.
2026-05-16 17:44:20.456 -06:00 [WRN] Entity 'Role' has a global query filter defined and is the required end of a relationship with the entity 'UserRole'. This may lead to unexpected results when the required entity is filtered out. Either configure the navigation as optional, or define matching query filters for both entities in the navigation. See https://go.microsoft.com/fwlink/?linkid=2131316 for more information.
2026-05-16 17:44:21.844 -06:00 [INF] Migrations applied successfully
2026-05-16 17:44:31.947 -06:00 [INF] HTTP GET /api/print/printers responded 200 in 296.1161 ms
2026-05-16 17:44:32.026 -06:00 [INF] HTTP GET /api/print/printers responded 200 in 68.4212 ms
2026-05-16 17:44:33.160 -06:00 [INF] HTTP GET /api/print/test-preview responded 200 in 1181.5034 ms
2026-05-16 17:44:33.165 -06:00 [INF] HTTP GET /api/settings/business responded 200 in 1520.7042 ms
2026-05-16 17:44:33.300 -06:00 [INF] HTTP GET /api/settings/business responded 200 in 114.9573 ms
2026-05-16 17:44:34.524 -06:00 [INF] HTTP GET /api/print/test-preview responded 200 in 64.6645 ms
2026-05-16 17:44:38.254 -06:00 [INF] HTTP POST /api/print/test-print responded 200 in 343.3710 ms
2026-05-16 17:49:11.886 -06:00 [INF] Starting Hotel ERP API
2026-05-16 17:49:13.836 -06:00 [WRN] Entity 'User' has a global query filter defined and is the required end of a relationship with the entity 'RefreshToken'. This may lead to unexpected results when the required entity is filtered out. Either configure the navigation as optional, or define matching query filters for both entities in the navigation. See https://go.microsoft.com/fwlink/?linkid=2131316 for more information.
2026-05-16 17:49:13.845 -06:00 [WRN] Entity 'Permission' has a global query filter defined and is the required end of a relationship with the entity 'RolePermission'. This may lead to unexpected results when the required entity is filtered out. Either configure the navigation as optional, or define matching query filters for both entities in the navigation. See https://go.microsoft.com/fwlink/?linkid=2131316 for more information.
2026-05-16 17:49:13.850 -06:00 [WRN] Entity 'Role' has a global query filter defined and is the required end of a relationship with the entity 'UserRole'. This may lead to unexpected results when the required entity is filtered out. Either configure the navigation as optional, or define matching query filters for both entities in the navigation. See https://go.microsoft.com/fwlink/?linkid=2131316 for more information.
2026-05-16 17:49:15.420 -06:00 [INF] Migrations applied successfully
2026-05-16 17:49:25.060 -06:00 [INF] HTTP POST /api/print/test-print responded 200 in 1068.2650 ms
2026-05-16 17:49:41.279 -06:00 [INF] HTTP POST /api/print/test-ruler responded 200 in 196.5739 ms
2026-05-16 17:55:13.480 -06:00 [INF] Starting Hotel ERP API
2026-05-16 17:55:15.028 -06:00 [WRN] Entity 'User' has a global query filter defined and is the required end of a relationship with the entity 'RefreshToken'. This may lead to unexpected results when the required entity is filtered out. Either configure the navigation as optional, or define matching query filters for both entities in the navigation. See https://go.microsoft.com/fwlink/?linkid=2131316 for more information.
2026-05-16 17:55:15.035 -06:00 [WRN] Entity 'Permission' has a global query filter defined and is the required end of a relationship with the entity 'RolePermission'. This may lead to unexpected results when the required entity is filtered out. Either configure the navigation as optional, or define matching query filters for both entities in the navigation. See https://go.microsoft.com/fwlink/?linkid=2131316 for more information.
2026-05-16 17:55:15.037 -06:00 [WRN] Entity 'Role' has a global query filter defined and is the required end of a relationship with the entity 'UserRole'. This may lead to unexpected results when the required entity is filtered out. Either configure the navigation as optional, or define matching query filters for both entities in the navigation. See https://go.microsoft.com/fwlink/?linkid=2131316 for more information.
2026-05-16 17:55:16.347 -06:00 [INF] Migrations applied successfully
2026-05-16 17:56:06.455 -06:00 [INF] HTTP GET /api/print/printers responded 200 in 396.7897 ms
2026-05-16 17:56:06.481 -06:00 [INF] HTTP GET /api/print/printers responded 200 in 20.3479 ms
2026-05-16 17:56:07.645 -06:00 [INF] HTTP GET /api/print/test-preview responded 200 in 1196.8428 ms
2026-05-16 17:56:07.657 -06:00 [INF] HTTP GET /api/settings/business responded 200 in 1604.5203 ms
2026-05-16 17:56:07.760 -06:00 [INF] HTTP GET /api/settings/business responded 200 in 97.8790 ms
2026-05-16 17:56:08.978 -06:00 [INF] HTTP GET /api/print/test-preview responded 200 in 67.0405 ms
2026-05-16 17:58:31.232 -06:00 [INF] HTTP POST /api/print/test-print responded 200 in 382.5606 ms
2026-05-16 18:14:52.929 -06:00 [INF] Starting Hotel ERP API
2026-05-16 18:14:55.132 -06:00 [WRN] Entity 'User' has a global query filter defined and is the required end of a relationship with the entity 'RefreshToken'. This may lead to unexpected results when the required entity is filtered out. Either configure the navigation as optional, or define matching query filters for both entities in the navigation. See https://go.microsoft.com/fwlink/?linkid=2131316 for more information.
2026-05-16 18:14:55.140 -06:00 [WRN] Entity 'Permission' has a global query filter defined and is the required end of a relationship with the entity 'RolePermission'. This may lead to unexpected results when the required entity is filtered out. Either configure the navigation as optional, or define matching query filters for both entities in the navigation. See https://go.microsoft.com/fwlink/?linkid=2131316 for more information.
2026-05-16 18:14:55.143 -06:00 [WRN] Entity 'Role' has a global query filter defined and is the required end of a relationship with the entity 'UserRole'. This may lead to unexpected results when the required entity is filtered out. Either configure the navigation as optional, or define matching query filters for both entities in the navigation. See https://go.microsoft.com/fwlink/?linkid=2131316 for more information.
2026-05-16 18:14:56.907 -06:00 [INF] Migrations applied successfully
2026-05-16 18:15:37.715 -06:00 [INF] HTTP GET /api/print/printers responded 401 in 197.3696 ms
2026-05-16 18:15:37.715 -06:00 [INF] HTTP GET /api/settings/business responded 401 in 197.3950 ms
2026-05-16 18:15:37.774 -06:00 [INF] HTTP GET /api/settings/business responded 401 in 12.0170 ms
2026-05-16 18:15:37.774 -06:00 [INF] HTTP GET /api/print/printers responded 401 in 13.5091 ms
2026-05-16 18:15:37.896 -06:00 [INF] HTTP GET /api/print/test-preview responded 401 in 6.5072 ms
2026-05-16 18:15:38.135 -06:00 [INF] HTTP POST /api/auth/refresh responded 401 in 329.0425 ms
2026-05-16 18:15:38.135 -06:00 [INF] HTTP POST /api/auth/refresh responded 401 in 216.1259 ms
2026-05-16 18:15:38.135 -06:00 [INF] HTTP POST /api/auth/refresh responded 401 in 367.1743 ms
2026-05-16 18:15:38.136 -06:00 [INF] HTTP POST /api/auth/refresh responded 401 in 330.9796 ms
2026-05-16 18:15:38.136 -06:00 [INF] HTTP POST /api/auth/refresh responded 401 in 367.6945 ms
2026-05-16 18:15:43.590 -06:00 [WRN] Compiling a query which loads related collections for more than one collection navigation, either via 'Include' or through projection, but no 'QuerySplittingBehavior' has been configured. By default, Entity Framework will use 'QuerySplittingBehavior.SingleQuery', which can potentially result in slow query performance. See https://go.microsoft.com/fwlink/?linkid=2134277 for more information. To identify the query that's triggering this warning call 'ConfigureWarnings(w => w.Throw(RelationalEventId.MultipleCollectionIncludeWarning))'.
2026-05-16 18:15:43.828 -06:00 [INF] HTTP POST /api/auth/login responded 200 in 2453.1705 ms
2026-05-16 18:15:46.944 -06:00 [INF] HTTP GET /api/invoices/search responded 200 in 549.7575 ms
2026-05-16 18:15:46.979 -06:00 [INF] HTTP GET /api/invoices/search responded 200 in 23.1717 ms
2026-05-16 18:15:48.008 -06:00 [WRN] Compiling a query which loads related collections for more than one collection navigation, either via 'Include' or through projection, but no 'QuerySplittingBehavior' has been configured. By default, Entity Framework will use 'QuerySplittingBehavior.SingleQuery', which can potentially result in slow query performance. See https://go.microsoft.com/fwlink/?linkid=2134277 for more information. To identify the query that's triggering this warning call 'ConfigureWarnings(w => w.Throw(RelationalEventId.MultipleCollectionIncludeWarning))'.
2026-05-16 18:15:48.148 -06:00 [INF] HTTP GET /api/invoices/019e2e3b-47b7-7477-9368-45e150202706 responded 200 in 188.5786 ms
2026-05-16 18:15:48.410 -06:00 [INF] HTTP GET /api/invoices/019e2e3b-47b7-7477-9368-45e150202706/print responded 200 in 251.1546 ms
2026-05-16 18:15:49.176 -06:00 [INF] HTTP GET /api/invoices/019e2e3b-47b7-7477-9368-45e150202706 responded 200 in 9.1189 ms
2026-05-16 18:15:49.245 -06:00 [INF] HTTP GET /api/invoices/019e2e3b-47b7-7477-9368-45e150202706/print responded 200 in 57.6111 ms
2026-05-16 18:15:59.973 -06:00 [INF] HTTP GET /api/invoices/019e2eea-7ff6-708c-9cde-30e0fe55b9a6 responded 200 in 21.1203 ms
2026-05-16 18:16:00.050 -06:00 [INF] HTTP GET /api/invoices/019e2eea-7ff6-708c-9cde-30e0fe55b9a6/print responded 200 in 68.4646 ms
2026-05-16 18:16:00.758 -06:00 [INF] HTTP GET /api/invoices/019e2f04-3eb2-770d-a35b-a60b56583c12 responded 200 in 6.4724 ms
2026-05-16 18:16:00.824 -06:00 [INF] HTTP GET /api/invoices/019e2f04-3eb2-770d-a35b-a60b56583c12/print responded 200 in 55.7209 ms
2026-05-16 18:16:01.661 -06:00 [INF] HTTP GET /api/invoices/019e2f0c-c404-74bb-8f8f-11fbaa181fb5 responded 200 in 7.0943 ms
2026-05-16 18:16:01.723 -06:00 [INF] HTTP GET /api/invoices/019e2f0c-c404-74bb-8f8f-11fbaa181fb5/print responded 200 in 52.1999 ms
2026-05-16 18:16:03.110 -06:00 [INF] HTTP GET /api/invoices/019e2e3b-47b7-7477-9368-45e150202706 responded 200 in 6.9583 ms
2026-05-16 18:16:03.182 -06:00 [INF] HTTP GET /api/invoices/019e2e3b-47b7-7477-9368-45e150202706/print responded 200 in 60.1161 ms
2026-05-16 18:16:11.199 -06:00 [INF] HTTP GET /api/discounts responded 200 in 128.4721 ms
2026-05-16 18:16:11.209 -06:00 [INF] HTTP GET /api/discounts responded 200 in 3.1887 ms
2026-05-16 18:16:12.775 -06:00 [INF] HTTP GET /api/print/printers responded 200 in 29.0680 ms
2026-05-16 18:16:12.796 -06:00 [INF] HTTP GET /api/print/printers responded 200 in 5.1170 ms
2026-05-16 18:16:12.948 -06:00 [INF] HTTP GET /api/settings/business responded 200 in 209.3573 ms
2026-05-16 18:16:13.018 -06:00 [INF] HTTP GET /api/settings/business responded 200 in 61.1438 ms
2026-05-16 18:16:14.003 -06:00 [INF] HTTP GET /api/print/test-preview responded 200 in 81.4085 ms
2026-05-16 18:16:16.589 -06:00 [INF] HTTP POST /api/print/test-print responded 200 in 337.3042 ms
2026-05-16 18:16:30.110 -06:00 [INF] HTTP POST /api/print/test-print responded 200 in 256.9621 ms
2026-05-16 18:41:17.695 -06:00 [INF] HTTP GET /api/invoices/search responded 200 in 263.7648 ms
2026-05-16 18:41:17.706 -06:00 [INF] HTTP GET /api/invoices/search responded 200 in 5.3583 ms
2026-05-16 18:41:22.826 -06:00 [INF] HTTP GET /api/invoices/019e2e3b-47b7-7477-9368-45e150202706 responded 200 in 11.2530 ms
2026-05-16 18:41:22.899 -06:00 [INF] HTTP GET /api/invoices/019e2e3b-47b7-7477-9368-45e150202706/print responded 200 in 60.3634 ms
2026-05-16 18:44:03.441 -06:00 [INF] HTTP GET /api/invoices/search responded 200 in 7.2049 ms
2026-05-16 18:46:32.842 -06:00 [INF] Starting Hotel ERP API
2026-05-16 18:46:35.662 -06:00 [WRN] Entity 'User' has a global query filter defined and is the required end of a relationship with the entity 'RefreshToken'. This may lead to unexpected results when the required entity is filtered out. Either configure the navigation as optional, or define matching query filters for both entities in the navigation. See https://go.microsoft.com/fwlink/?linkid=2131316 for more information.
2026-05-16 18:46:35.670 -06:00 [WRN] Entity 'Permission' has a global query filter defined and is the required end of a relationship with the entity 'RolePermission'. This may lead to unexpected results when the required entity is filtered out. Either configure the navigation as optional, or define matching query filters for both entities in the navigation. See https://go.microsoft.com/fwlink/?linkid=2131316 for more information.
2026-05-16 18:46:35.672 -06:00 [WRN] Entity 'Role' has a global query filter defined and is the required end of a relationship with the entity 'UserRole'. This may lead to unexpected results when the required entity is filtered out. Either configure the navigation as optional, or define matching query filters for both entities in the navigation. See https://go.microsoft.com/fwlink/?linkid=2131316 for more information.
2026-05-16 18:46:37.186 -06:00 [INF] Migrations applied successfully
2026-05-16 18:46:39.106 -06:00 [WRN] Compiling a query which loads related collections for more than one collection navigation, either via 'Include' or through projection, but no 'QuerySplittingBehavior' has been configured. By default, Entity Framework will use 'QuerySplittingBehavior.SingleQuery', which can potentially result in slow query performance. See https://go.microsoft.com/fwlink/?linkid=2134277 for more information. To identify the query that's triggering this warning call 'ConfigureWarnings(w => w.Throw(RelationalEventId.MultipleCollectionIncludeWarning))'.
2026-05-16 18:46:40.020 -06:00 [INF] HTTP GET /api/print/invoice/019e2e3b-47b7-7477-9368-45e150202706/preview responded 200 in 1842.0508 ms
2026-05-16 18:46:40.236 -06:00 [INF] HTTP GET /api/print/invoice/019e2e3b-47b7-7477-9368-45e150202706/preview responded 200 in 222.3100 ms
2026-05-16 18:46:40.713 -06:00 [INF] HTTP GET /api/print/invoice/019e2f04-3eb2-770d-a35b-a60b56583c12/preview responded 200 in 127.8583 ms
2026-05-16 18:46:41.751 -06:00 [INF] HTTP GET /api/print/invoice/019e2e3b-47b7-7477-9368-45e150202706/preview responded 200 in 67.3886 ms
2026-05-16 18:46:46.047 -06:00 [INF] HTTP POST /api/print/invoice/019e2e3b-47b7-7477-9368-45e150202706 responded 200 in 561.6132 ms
2026-05-16 18:48:13.161 -06:00 [INF] HTTP GET /api/print/invoice/019e3294-27e0-773a-99b3-0255a78214a9/preview responded 200 in 75.4398 ms
2026-05-16 18:48:18.409 -06:00 [INF] HTTP GET /api/print/invoice/019e3254-e104-7d0c-8c2d-fd112387f653/preview responded 200 in 49.9242 ms
2026-05-16 18:48:20.698 -06:00 [INF] HTTP GET /api/print/invoice/019e3294-27e0-773a-99b3-0255a78214a9/preview responded 200 in 59.6968 ms
2026-05-16 18:48:22.296 -06:00 [INF] HTTP GET /api/print/invoice/019e3254-e104-7d0c-8c2d-fd112387f653/preview responded 200 in 57.4742 ms
2026-05-16 18:48:23.312 -06:00 [INF] HTTP GET /api/print/invoice/019e323f-c7b2-70ca-9b61-fe9d458fd2d2/preview responded 200 in 72.1127 ms
2026-05-16 18:57:22.364 -06:00 [INF] HTTP GET /api/invoices/019e2e3b-47b7-7477-9368-45e150202706 responded 200 in 394.5717 ms
2026-05-16 18:57:22.380 -06:00 [INF] HTTP GET /api/invoices/019e2e3b-47b7-7477-9368-45e150202706 responded 200 in 9.4917 ms
2026-05-16 18:57:26.252 -06:00 [INF] HTTP GET /api/invoices/search responded 200 in 115.4822 ms
2026-05-16 18:57:26.270 -06:00 [INF] HTTP GET /api/invoices/search responded 200 in 10.2432 ms
2026-05-16 18:57:28.791 -06:00 [INF] HTTP GET /api/print/invoice/019e3294-27e0-773a-99b3-0255a78214a9/preview responded 200 in 65.7419 ms
2026-05-16 18:57:29.616 -06:00 [INF] HTTP GET /api/print/invoice/019e3294-27e0-773a-99b3-0255a78214a9/preview responded 200 in 121.3883 ms
2026-05-16 18:57:44.301 -06:00 [INF] HTTP GET /api/print/invoice/019e3294-27e0-773a-99b3-0255a78214a9/preview responded 200 in 46.8776 ms
2026-05-16 18:57:44.983 -06:00 [INF] HTTP GET /api/print/invoice/019e3254-e104-7d0c-8c2d-fd112387f653/preview responded 200 in 56.7415 ms
2026-05-16 18:57:46.732 -06:00 [INF] HTTP GET /api/print/invoice/019e323f-c7b2-70ca-9b61-fe9d458fd2d2/preview responded 200 in 57.1582 ms
2026-05-16 18:57:47.744 -06:00 [INF] HTTP GET /api/print/invoice/019e3220-1e94-7d9e-995a-39e0dfe62326/preview responded 200 in 68.0765 ms
2026-05-16 18:57:48.998 -06:00 [INF] HTTP GET /api/print/invoice/019e31fd-70f9-7ba4-95db-8d4f515a9092/preview responded 200 in 61.2267 ms
2026-05-16 18:57:49.680 -06:00 [INF] HTTP GET /api/print/invoice/019e31e2-b0a2-7bd4-ac5e-744fdbfca86f/preview responded 200 in 61.7025 ms
2026-05-16 18:57:50.064 -06:00 [INF] HTTP GET /api/print/invoice/019e31b8-cf0d-78da-9590-f1087c26b552/preview responded 200 in 43.6554 ms
2026-05-16 18:57:50.512 -06:00 [INF] HTTP GET /api/print/invoice/019e31a1-0037-7148-8623-a65ada138bf9/preview responded 200 in 77.1425 ms
2026-05-16 18:57:51.851 -06:00 [INF] HTTP GET /api/print/invoice/019e3141-9c3c-784a-899e-88d9f5129e5d/preview responded 200 in 58.7083 ms
2026-05-16 18:57:52.731 -06:00 [INF] HTTP GET /api/print/invoice/019e2f04-3eb2-770d-a35b-a60b56583c12/preview responded 200 in 53.2708 ms
2026-05-16 18:57:53.068 -06:00 [INF] HTTP GET /api/print/invoice/019e2e3b-47b7-7477-9368-45e150202706/preview responded 200 in 78.3889 ms
2026-05-16 18:57:53.476 -06:00 [INF] HTTP GET /api/print/invoice/019e2eea-7ff6-708c-9cde-30e0fe55b9a6/preview responded 200 in 64.0467 ms
2026-05-16 19:20:18.479 -06:00 [INF] Starting Hotel ERP API
2026-05-16 19:20:20.048 -06:00 [WRN] Entity 'User' has a global query filter defined and is the required end of a relationship with the entity 'RefreshToken'. This may lead to unexpected results when the required entity is filtered out. Either configure the navigation as optional, or define matching query filters for both entities in the navigation. See https://go.microsoft.com/fwlink/?linkid=2131316 for more information.
2026-05-16 19:20:20.056 -06:00 [WRN] Entity 'Permission' has a global query filter defined and is the required end of a relationship with the entity 'RolePermission'. This may lead to unexpected results when the required entity is filtered out. Either configure the navigation as optional, or define matching query filters for both entities in the navigation. See https://go.microsoft.com/fwlink/?linkid=2131316 for more information.
2026-05-16 19:20:20.058 -06:00 [WRN] Entity 'Role' has a global query filter defined and is the required end of a relationship with the entity 'UserRole'. This may lead to unexpected results when the required entity is filtered out. Either configure the navigation as optional, or define matching query filters for both entities in the navigation. See https://go.microsoft.com/fwlink/?linkid=2131316 for more information.
2026-05-16 19:20:21.522 -06:00 [INF] Migrations applied successfully
2026-05-16 19:34:36.693 -06:00 [INF] HTTP GET /api/settings/business responded 401 in 258.6322 ms
2026-05-16 19:34:36.693 -06:00 [INF] HTTP GET /api/print/printers responded 401 in 258.6110 ms
2026-05-16 19:34:36.693 -06:00 [INF] HTTP GET /api/print/test-preview responded 401 in 253.6567 ms
2026-05-16 19:34:36.774 -06:00 [INF] HTTP GET /api/print/printers responded 401 in 10.6871 ms
2026-05-16 19:34:36.774 -06:00 [INF] HTTP GET /api/settings/business responded 401 in 14.1429 ms
2026-05-16 19:34:37.195 -06:00 [INF] HTTP POST /api/auth/refresh responded 401 in 434.8905 ms
2026-05-16 19:34:37.195 -06:00 [INF] HTTP POST /api/auth/refresh responded 401 in 429.3164 ms
2026-05-16 19:34:37.195 -06:00 [INF] HTTP POST /api/auth/refresh responded 401 in 399.8888 ms
2026-05-16 19:34:37.195 -06:00 [INF] HTTP POST /api/auth/refresh responded 401 in 429.3165 ms
2026-05-16 19:34:37.195 -06:00 [INF] HTTP POST /api/auth/refresh responded 401 in 397.4716 ms
2026-05-16 19:34:42.088 -06:00 [WRN] Compiling a query which loads related collections for more than one collection navigation, either via 'Include' or through projection, but no 'QuerySplittingBehavior' has been configured. By default, Entity Framework will use 'QuerySplittingBehavior.SingleQuery', which can potentially result in slow query performance. See https://go.microsoft.com/fwlink/?linkid=2134277 for more information. To identify the query that's triggering this warning call 'ConfigureWarnings(w => w.Throw(RelationalEventId.MultipleCollectionIncludeWarning))'.
2026-05-16 19:34:42.345 -06:00 [INF] HTTP POST /api/auth/login responded 200 in 2296.5759 ms
2026-05-16 19:34:47.091 -06:00 [INF] HTTP GET /api/cash-registers responded 200 in 201.8126 ms
2026-05-16 19:34:47.105 -06:00 [INF] HTTP GET /api/cash-registers responded 200 in 8.8977 ms
2026-05-16 19:34:48.923 -06:00 [INF] HTTP GET /api/cai responded 200 in 118.2276 ms
2026-05-16 19:34:48.933 -06:00 [INF] HTTP GET /api/cai responded 200 in 4.0618 ms
2026-05-16 19:34:56.451 -06:00 [INF] HTTP GET /api/print/printers responded 200 in 29.1032 ms
2026-05-16 19:34:56.464 -06:00 [INF] HTTP GET /api/print/printers responded 200 in 5.9521 ms
2026-05-16 19:34:56.692 -06:00 [INF] HTTP GET /api/settings/business responded 200 in 273.1967 ms
2026-05-16 19:34:56.783 -06:00 [INF] HTTP GET /api/settings/business responded 200 in 100.4693 ms
2026-05-16 19:34:57.677 -06:00 [INF] HTTP GET /api/print/test-preview responded 200 in 75.6283 ms
2026-05-16 19:46:25.451 -06:00 [INF] Starting Hotel ERP API
2026-05-16 19:46:26.477 -06:00 [WRN] Entity 'User' has a global query filter defined and is the required end of a relationship with the entity 'RefreshToken'. This may lead to unexpected results when the required entity is filtered out. Either configure the navigation as optional, or define matching query filters for both entities in the navigation. See https://go.microsoft.com/fwlink/?linkid=2131316 for more information.
2026-05-16 19:46:26.483 -06:00 [WRN] Entity 'Permission' has a global query filter defined and is the required end of a relationship with the entity 'RolePermission'. This may lead to unexpected results when the required entity is filtered out. Either configure the navigation as optional, or define matching query filters for both entities in the navigation. See https://go.microsoft.com/fwlink/?linkid=2131316 for more information.
2026-05-16 19:46:26.486 -06:00 [WRN] Entity 'Role' has a global query filter defined and is the required end of a relationship with the entity 'UserRole'. This may lead to unexpected results when the required entity is filtered out. Either configure the navigation as optional, or define matching query filters for both entities in the navigation. See https://go.microsoft.com/fwlink/?linkid=2131316 for more information.
2026-05-16 19:46:27.446 -06:00 [INF] Migrations applied successfully
2026-05-16 19:46:34.983 -06:00 [INF] HTTP GET /api/print/printers responded 200 in 322.3624 ms
2026-05-16 19:46:35.003 -06:00 [INF] HTTP GET /api/print/printers responded 200 in 18.8623 ms
2026-05-16 19:46:36.120 -06:00 [INF] HTTP GET /api/print/test-preview responded 200 in 1257.0586 ms
2026-05-16 19:46:36.134 -06:00 [INF] HTTP GET /api/settings/business responded 200 in 1476.0133 ms
2026-05-16 19:46:36.282 -06:00 [INF] HTTP GET /api/settings/business responded 200 in 125.4207 ms
2026-05-16 19:46:37.410 -06:00 [INF] HTTP GET /api/print/test-preview responded 200 in 60.2901 ms
2026-05-16 19:52:15.105 -06:00 [INF] HTTP GET /api/print/printers responded 200 in 5.3586 ms
2026-05-16 19:52:15.128 -06:00 [INF] HTTP GET /api/print/printers responded 200 in 11.8454 ms
2026-05-16 19:52:15.301 -06:00 [INF] HTTP GET /api/settings/business responded 200 in 203.0593 ms
2026-05-16 19:52:15.408 -06:00 [INF] HTTP GET /api/settings/business responded 200 in 95.7374 ms
2026-05-16 19:52:16.437 -06:00 [INF] HTTP GET /api/print/test-preview responded 200 in 56.1256 ms
2026-05-16 19:55:28.847 -06:00 [INF] HTTP GET /api/invoices/search responded 200 in 461.0117 ms
2026-05-16 19:55:28.864 -06:00 [INF] HTTP GET /api/invoices/search responded 200 in 11.5586 ms
2026-05-16 19:55:29.606 -06:00 [WRN] Compiling a query which loads related collections for more than one collection navigation, either via 'Include' or through projection, but no 'QuerySplittingBehavior' has been configured. By default, Entity Framework will use 'QuerySplittingBehavior.SingleQuery', which can potentially result in slow query performance. See https://go.microsoft.com/fwlink/?linkid=2134277 for more information. To identify the query that's triggering this warning call 'ConfigureWarnings(w => w.Throw(RelationalEventId.MultipleCollectionIncludeWarning))'.
2026-05-16 19:55:29.766 -06:00 [INF] HTTP GET /api/print/invoice/019e2e3b-47b7-7477-9368-45e150202706/preview responded 200 in 195.3413 ms
2026-05-16 20:29:46.362 -06:00 [INF] HTTP GET /api/print/invoice/019e2eea-7ff6-708c-9cde-30e0fe55b9a6/preview responded 200 in 223.1481 ms
2026-05-16 20:29:47.323 -06:00 [INF] HTTP GET /api/print/invoice/019e2f04-3eb2-770d-a35b-a60b56583c12/preview responded 200 in 83.3756 ms
2026-05-16 20:29:48.996 -06:00 [INF] HTTP GET /api/print/invoice/019e2f0c-c404-74bb-8f8f-11fbaa181fb5/preview responded 200 in 86.1793 ms
2026-05-16 20:29:50.020 -06:00 [INF] HTTP GET /api/print/invoice/019e3141-9c3c-784a-899e-88d9f5129e5d/preview responded 200 in 56.0116 ms
2026-05-16 20:29:55.396 -06:00 [INF] HTTP GET /api/print/invoice/019e3254-e104-7d0c-8c2d-fd112387f653/preview responded 200 in 54.8896 ms
2026-05-16 20:29:56.325 -06:00 [INF] HTTP GET /api/print/invoice/019e3254-e104-7d0c-8c2d-fd112387f653/preview responded 200 in 73.0439 ms
2026-05-16 20:29:56.945 -06:00 [INF] HTTP GET /api/print/invoice/019e323f-c7b2-70ca-9b61-fe9d458fd2d2/preview responded 200 in 80.9427 ms
2026-05-16 20:29:58.355 -06:00 [INF] HTTP GET /api/print/invoice/019e3220-1e94-7d9e-995a-39e0dfe62326/preview responded 200 in 41.1683 ms
2026-05-16 20:29:59.492 -06:00 [INF] HTTP GET /api/print/invoice/019e2f04-3eb2-770d-a35b-a60b56583c12/preview responded 200 in 42.9727 ms
2026-05-16 20:30:07.138 -06:00 [INF] HTTP GET /api/print/printers responded 200 in 6.1383 ms
2026-05-16 20:30:07.158 -06:00 [INF] HTTP GET /api/print/printers responded 200 in 8.2268 ms
2026-05-16 20:30:07.214 -06:00 [INF] HTTP GET /api/settings/business responded 200 in 81.9058 ms
2026-05-16 20:30:07.338 -06:00 [INF] HTTP GET /api/settings/business responded 200 in 80.4941 ms
2026-05-16 20:30:08.720 -06:00 [INF] HTTP GET /api/print/test-preview responded 200 in 39.4729 ms
2026-05-16 20:30:17.809 -06:00 [INF] HTTP GET /api/print/printers responded 200 in 43.8297 ms
2026-05-16 20:30:17.846 -06:00 [INF] HTTP GET /api/settings/business responded 200 in 87.5702 ms
2026-05-16 20:30:17.916 -06:00 [INF] HTTP GET /api/print/printers responded 200 in 7.3681 ms
2026-05-16 20:30:17.990 -06:00 [INF] HTTP GET /api/settings/business responded 200 in 81.6099 ms
2026-05-16 20:30:19.141 -06:00 [INF] HTTP GET /api/print/test-preview responded 200 in 39.3552 ms
2026-05-16 20:30:21.956 -06:00 [INF] HTTP GET /api/invoices/search responded 200 in 16.1454 ms
2026-05-16 20:30:21.983 -06:00 [INF] HTTP GET /api/invoices/search responded 200 in 18.9824 ms
2026-05-16 20:30:22.978 -06:00 [INF] HTTP GET /api/print/invoice/019e2eea-7ff6-708c-9cde-30e0fe55b9a6/preview responded 200 in 42.0722 ms
2026-05-16 20:30:42.408 -06:00 [INF] HTTP POST /api/print/invoice/019e2eea-7ff6-708c-9cde-30e0fe55b9a6 responded 200 in 455.7926 ms
2026-05-16 20:31:16.203 -06:00 [INF] HTTP GET /api/print/printers responded 200 in 4.7157 ms
2026-05-16 20:31:16.222 -06:00 [INF] HTTP GET /api/print/printers responded 200 in 5.9819 ms
2026-05-16 20:31:16.271 -06:00 [INF] HTTP GET /api/settings/business responded 200 in 75.8832 ms
2026-05-16 20:31:16.388 -06:00 [INF] HTTP GET /api/settings/business responded 200 in 91.0453 ms
2026-05-16 20:31:17.522 -06:00 [INF] HTTP GET /api/print/test-preview responded 200 in 44.9640 ms
2026-05-16 20:40:05.282 -06:00 [INF] HTTP GET /api/print/printers responded 401 in 14.5958 ms
2026-05-16 20:40:05.282 -06:00 [INF] HTTP GET /api/settings/business responded 401 in 15.7961 ms
2026-05-16 20:40:05.292 -06:00 [INF] HTTP GET /api/print/printers responded 401 in 2.0336 ms
2026-05-16 20:40:05.296 -06:00 [INF] HTTP GET /api/settings/business responded 401 in 0.6481 ms
2026-05-16 20:40:05.441 -06:00 [INF] HTTP POST /api/auth/refresh responded 401 in 76.8204 ms
2026-05-16 20:40:05.441 -06:00 [INF] HTTP POST /api/auth/refresh responded 401 in 119.1740 ms
2026-05-16 20:40:05.441 -06:00 [INF] HTTP POST /api/auth/refresh responded 401 in 119.7551 ms
2026-05-16 20:40:05.441 -06:00 [INF] HTTP POST /api/auth/refresh responded 401 in 119.7810 ms
2026-05-16 20:40:09.375 -06:00 [WRN] Compiling a query which loads related collections for more than one collection navigation, either via 'Include' or through projection, but no 'QuerySplittingBehavior' has been configured. By default, Entity Framework will use 'QuerySplittingBehavior.SingleQuery', which can potentially result in slow query performance. See https://go.microsoft.com/fwlink/?linkid=2134277 for more information. To identify the query that's triggering this warning call 'ConfigureWarnings(w => w.Throw(RelationalEventId.MultipleCollectionIncludeWarning))'.
2026-05-16 20:40:09.542 -06:00 [INF] HTTP POST /api/auth/login responded 200 in 1056.0474 ms
2026-05-16 20:40:11.224 -06:00 [INF] HTTP GET /api/print/printers responded 200 in 9.4970 ms
2026-05-16 20:40:11.243 -06:00 [INF] HTTP GET /api/print/printers responded 200 in 10.1298 ms
2026-05-16 20:40:11.312 -06:00 [INF] HTTP GET /api/settings/business responded 200 in 106.2291 ms
2026-05-16 20:40:11.449 -06:00 [INF] HTTP GET /api/settings/business responded 200 in 119.5534 ms
2026-05-16 20:40:12.625 -06:00 [INF] HTTP GET /api/print/test-preview responded 200 in 53.1587 ms
2026-05-16 20:40:28.309 -06:00 [INF] HTTP GET /api/invoices/search responded 200 in 19.6251 ms
2026-05-16 20:40:28.323 -06:00 [INF] HTTP GET /api/invoices/search responded 200 in 6.8527 ms
2026-05-16 20:40:29.045 -06:00 [INF] HTTP GET /api/print/invoice/019e2e3b-47b7-7477-9368-45e150202706/preview responded 200 in 52.7503 ms
2026-05-16 20:40:32.654 -06:00 [INF] HTTP GET /api/discounts responded 200 in 75.2416 ms
2026-05-16 20:40:32.663 -06:00 [INF] HTTP GET /api/discounts responded 200 in 2.9913 ms
2026-05-16 20:40:39.593 -06:00 [INF] HTTP GET /api/guests responded 200 in 64.8058 ms
2026-05-16 20:40:40.623 -06:00 [INF] HTTP GET /api/guests/019e2d07-60e6-7fbc-b1d5-8be85059ff7a/stats responded 200 in 115.3684 ms
2026-05-16 20:40:42.550 -06:00 [INF] HTTP PUT /api/guests/019e2d07-60e6-7fbc-b1d5-8be85059ff7a responded 204 in 64.7142 ms
2026-05-16 20:40:45.737 -06:00 [INF] HTTP GET /api/rooms/available responded 200 in 292.1540 ms
2026-05-16 20:40:56.554 -06:00 [INF] HTTP POST /api/reservations responded 201 in 202.7737 ms
2026-05-16 20:40:56.878 -06:00 [INF] HTTP POST /api/reservations/checkin responded 200 in 316.1878 ms
2026-05-16 20:40:56.941 -06:00 [INF] HTTP GET /api/print/invoice/019e33ce-e1f7-70bd-89dc-9f160db0e986/preview responded 200 in 54.9748 ms
2026-05-16 20:42:17.973 -06:00 [INF] Starting Hotel ERP API
2026-05-16 20:42:19.550 -06:00 [WRN] Entity 'User' has a global query filter defined and is the required end of a relationship with the entity 'RefreshToken'. This may lead to unexpected results when the required entity is filtered out. Either configure the navigation as optional, or define matching query filters for both entities in the navigation. See https://go.microsoft.com/fwlink/?linkid=2131316 for more information.
2026-05-16 20:42:19.557 -06:00 [WRN] Entity 'Permission' has a global query filter defined and is the required end of a relationship with the entity 'RolePermission'. This may lead to unexpected results when the required entity is filtered out. Either configure the navigation as optional, or define matching query filters for both entities in the navigation. See https://go.microsoft.com/fwlink/?linkid=2131316 for more information.
2026-05-16 20:42:19.559 -06:00 [WRN] Entity 'Role' has a global query filter defined and is the required end of a relationship with the entity 'UserRole'. This may lead to unexpected results when the required entity is filtered out. Either configure the navigation as optional, or define matching query filters for both entities in the navigation. See https://go.microsoft.com/fwlink/?linkid=2131316 for more information.
2026-05-16 20:42:20.956 -06:00 [INF] Migrations applied successfully
2026-05-16 20:42:26.023 -06:00 [INF] HTTP GET /api/discounts responded 200 in 1308.2966 ms
2026-05-16 20:42:26.167 -06:00 [INF] HTTP GET /api/discounts responded 200 in 139.0176 ms
2026-05-16 20:42:27.392 -06:00 [INF] HTTP GET /api/print/printers responded 200 in 37.4588 ms
2026-05-16 20:42:27.409 -06:00 [INF] HTTP GET /api/print/printers responded 200 in 8.5212 ms
2026-05-16 20:42:27.739 -06:00 [INF] HTTP GET /api/settings/business responded 200 in 386.7675 ms
2026-05-16 20:42:27.889 -06:00 [INF] HTTP GET /api/settings/business responded 200 in 183.5979 ms
2026-05-16 20:42:28.314 -06:00 [INF] HTTP GET /api/print/test-preview responded 200 in 454.1842 ms
2026-05-16 20:42:29.195 -06:00 [INF] HTTP GET /api/print/test-preview responded 200 in 67.3798 ms
2026-05-16 20:42:40.648 -06:00 [INF] HTTP GET /api/invoices/search responded 200 in 429.0630 ms
2026-05-16 20:42:40.665 -06:00 [INF] HTTP GET /api/invoices/search responded 200 in 11.3210 ms
2026-05-16 20:42:41.480 -06:00 [WRN] Compiling a query which loads related collections for more than one collection navigation, either via 'Include' or through projection, but no 'QuerySplittingBehavior' has been configured. By default, Entity Framework will use 'QuerySplittingBehavior.SingleQuery', which can potentially result in slow query performance. See https://go.microsoft.com/fwlink/?linkid=2134277 for more information. To identify the query that's triggering this warning call 'ConfigureWarnings(w => w.Throw(RelationalEventId.MultipleCollectionIncludeWarning))'.
2026-05-16 20:42:41.632 -06:00 [INF] HTTP GET /api/print/invoice/019e2e3b-47b7-7477-9368-45e150202706/preview responded 200 in 191.4702 ms
2026-05-16 20:42:59.413 -06:00 [INF] HTTP GET /api/print/invoice/019e2eea-7ff6-708c-9cde-30e0fe55b9a6/preview responded 200 in 67.1879 ms
2026-05-16 20:57:20.739 -06:00 [INF] Starting Hotel ERP API
2026-05-16 20:57:22.217 -06:00 [WRN] Entity 'User' has a global query filter defined and is the required end of a relationship with the entity 'RefreshToken'. This may lead to unexpected results when the required entity is filtered out. Either configure the navigation as optional, or define matching query filters for both entities in the navigation. See https://go.microsoft.com/fwlink/?linkid=2131316 for more information.
2026-05-16 20:57:22.224 -06:00 [WRN] Entity 'Permission' has a global query filter defined and is the required end of a relationship with the entity 'RolePermission'. This may lead to unexpected results when the required entity is filtered out. Either configure the navigation as optional, or define matching query filters for both entities in the navigation. See https://go.microsoft.com/fwlink/?linkid=2131316 for more information.
2026-05-16 20:57:22.226 -06:00 [WRN] Entity 'Role' has a global query filter defined and is the required end of a relationship with the entity 'UserRole'. This may lead to unexpected results when the required entity is filtered out. Either configure the navigation as optional, or define matching query filters for both entities in the navigation. See https://go.microsoft.com/fwlink/?linkid=2131316 for more information.
2026-05-16 20:57:23.540 -06:00 [INF] Migrations applied successfully
2026-05-16 20:59:41.218 -06:00 [WRN] Compiling a query which loads related collections for more than one collection navigation, either via 'Include' or through projection, but no 'QuerySplittingBehavior' has been configured. By default, Entity Framework will use 'QuerySplittingBehavior.SingleQuery', which can potentially result in slow query performance. See https://go.microsoft.com/fwlink/?linkid=2134277 for more information. To identify the query that's triggering this warning call 'ConfigureWarnings(w => w.Throw(RelationalEventId.MultipleCollectionIncludeWarning))'.
2026-05-16 20:59:41.881 -06:00 [INF] HTTP GET /api/print/invoice/019e2eea-7ff6-708c-9cde-30e0fe55b9a6/preview responded 200 in 1278.2900 ms
2026-05-16 21:00:47.789 -06:00 [INF] HTTP GET /api/print/invoice/019e2f04-3eb2-770d-a35b-a60b56583c12/preview responded 200 in 139.2508 ms
2026-05-16 21:00:48.769 -06:00 [INF] HTTP GET /api/print/invoice/019e2f0c-c404-74bb-8f8f-11fbaa181fb5/preview responded 200 in 65.6021 ms
2026-05-16 21:00:49.810 -06:00 [INF] HTTP GET /api/print/invoice/019e2f0c-c404-74bb-8f8f-11fbaa181fb5/preview responded 200 in 62.6499 ms
2026-05-16 21:00:50.695 -06:00 [INF] HTTP GET /api/print/invoice/019e3141-9c3c-784a-899e-88d9f5129e5d/preview responded 200 in 53.5382 ms
2026-05-16 21:00:51.752 -06:00 [INF] HTTP GET /api/print/invoice/019e3141-9c3c-784a-899e-88d9f5129e5d/preview responded 200 in 57.4510 ms
2026-05-16 21:00:52.077 -06:00 [INF] HTTP GET /api/print/invoice/019e317c-27b8-7457-a146-7bbdebaa5955/preview responded 200 in 54.9844 ms
2026-05-16 21:00:56.168 -06:00 [INF] HTTP GET /api/print/invoice/019e31fd-f3e9-7e86-a881-e1d29ab7dacc/preview responded 200 in 44.7204 ms
2026-05-16 21:00:57.934 -06:00 [INF] HTTP GET /api/print/invoice/019e3254-e104-7d0c-8c2d-fd112387f653/preview responded 200 in 43.3177 ms
2026-05-16 21:01:08.921 -06:00 [INF] HTTP GET /api/invoices/search responded 200 in 306.8610 ms
2026-05-16 21:01:08.935 -06:00 [INF] HTTP GET /api/invoices/search responded 200 in 8.2759 ms
2026-05-16 21:01:10.615 -06:00 [INF] HTTP GET /api/print/invoice/019e2e3b-47b7-7477-9368-45e150202706/preview responded 200 in 47.3953 ms
2026-05-16 21:01:15.566 -06:00 [INF] HTTP GET /api/print/invoice/019e2eea-7ff6-708c-9cde-30e0fe55b9a6/preview responded 200 in 47.0896 ms
2026-05-16 21:04:44.640 -06:00 [INF] HTTP GET /api/print/invoice/019e2f0c-c404-74bb-8f8f-11fbaa181fb5/preview responded 200 in 218.3336 ms
2026-05-16 21:04:44.937 -06:00 [INF] HTTP GET /api/print/invoice/019e2f04-3eb2-770d-a35b-a60b56583c12/preview responded 200 in 39.3351 ms
2026-05-16 21:04:45.676 -06:00 [INF] HTTP GET /api/print/invoice/019e2f04-3eb2-770d-a35b-a60b56583c12/preview responded 200 in 41.0782 ms
2026-05-16 21:04:46.303 -06:00 [INF] HTTP GET /api/print/invoice/019e2eea-7ff6-708c-9cde-30e0fe55b9a6/preview responded 200 in 63.6646 ms
2026-05-16 21:04:47.070 -06:00 [INF] HTTP GET /api/print/invoice/019e2eea-7ff6-708c-9cde-30e0fe55b9a6/preview responded 200 in 44.4301 ms
2026-05-16 21:04:47.997 -06:00 [INF] HTTP GET /api/print/invoice/019e2eea-7ff6-708c-9cde-30e0fe55b9a6/preview responded 200 in 49.3493 ms
2026-05-16 21:04:48.505 -06:00 [INF] HTTP GET /api/print/invoice/019e2e3b-47b7-7477-9368-45e150202706/preview responded 200 in 48.7166 ms
2026-05-16 21:08:19.669 -06:00 [INF] HTTP GET /api/print/invoice/019e31e2-b0a2-7bd4-ac5e-744fdbfca86f/preview responded 200 in 52.5673 ms
2026-05-16 21:08:28.323 -06:00 [INF] HTTP GET /api/print/invoice/019e31b8-cf0d-78da-9590-f1087c26b552/preview responded 200 in 36.5817 ms
2026-05-16 21:08:40.433 -06:00 [INF] HTTP GET /api/invoices/search responded 200 in 14.5248 ms
2026-05-16 21:08:40.502 -06:00 [INF] HTTP GET /api/invoices/search responded 200 in 62.6036 ms
2026-05-16 21:08:41.543 -06:00 [INF] HTTP GET /api/print/invoice/019e2eea-7ff6-708c-9cde-30e0fe55b9a6/preview responded 200 in 40.8650 ms
2026-05-16 21:08:42.786 -06:00 [INF] HTTP GET /api/print/invoice/019e2e3b-47b7-7477-9368-45e150202706/preview responded 200 in 45.1376 ms
2026-05-16 21:08:44.253 -06:00 [INF] HTTP GET /api/print/invoice/019e323f-c7b2-70ca-9b61-fe9d458fd2d2/preview responded 200 in 41.1764 ms
2026-05-16 21:08:45.212 -06:00 [INF] HTTP GET /api/print/invoice/019e3294-27e0-773a-99b3-0255a78214a9/preview responded 200 in 59.5238 ms
2026-05-16 21:08:46.384 -06:00 [INF] HTTP GET /api/print/invoice/019e33ce-e1f7-70bd-89dc-9f160db0e986/preview responded 200 in 44.6861 ms
2026-05-16 21:09:23.332 -06:00 [INF] HTTP GET /api/print/printers responded 200 in 24.6270 ms
2026-05-16 21:09:23.350 -06:00 [INF] HTTP GET /api/print/printers responded 200 in 5.1917 ms
2026-05-16 21:09:23.441 -06:00 [INF] HTTP GET /api/settings/business responded 200 in 135.2388 ms
2026-05-16 21:09:23.591 -06:00 [INF] HTTP GET /api/settings/business responded 200 in 154.1019 ms
2026-05-16 21:09:24.274 -06:00 [INF] HTTP GET /api/print/test-preview responded 200 in 95.0272 ms
2026-05-16 21:09:24.850 -06:00 [INF] HTTP GET /api/print/test-preview responded 200 in 81.6904 ms
2026-05-16 21:09:41.714 -06:00 [INF] HTTP PUT /api/settings/business responded 200 in 274.9201 ms
2026-05-16 21:09:48.704 -06:00 [INF] HTTP GET /api/print/printers responded 200 in 3.4648 ms
2026-05-16 21:09:48.725 -06:00 [INF] HTTP GET /api/print/printers responded 200 in 13.8485 ms
2026-05-16 21:09:48.855 -06:00 [INF] HTTP GET /api/settings/business responded 200 in 161.3799 ms
2026-05-16 21:09:48.980 -06:00 [INF] HTTP GET /api/settings/business responded 200 in 101.2473 ms
2026-05-16 21:09:49.604 -06:00 [INF] HTTP GET /api/print/test-preview responded 200 in 62.6949 ms
2026-05-16 21:09:50.192 -06:00 [INF] HTTP GET /api/print/test-preview responded 200 in 120.5941 ms
2026-05-16 21:29:54.809 -06:00 [INF] HTTP GET /api/print/printers responded 200 in 7.7782 ms
2026-05-16 21:29:54.827 -06:00 [INF] HTTP GET /api/print/printers responded 200 in 10.2348 ms
2026-05-16 21:29:55.015 -06:00 [INF] HTTP GET /api/settings/business responded 200 in 218.9342 ms
2026-05-16 21:29:55.163 -06:00 [INF] HTTP GET /api/settings/business responded 200 in 76.9176 ms
2026-05-16 21:29:56.143 -06:00 [INF] HTTP GET /api/print/test-preview responded 200 in 54.9263 ms
2026-05-16 21:30:34.961 -06:00 [INF] Starting Hotel ERP API
2026-05-16 21:30:36.494 -06:00 [WRN] Entity 'User' has a global query filter defined and is the required end of a relationship with the entity 'RefreshToken'. This may lead to unexpected results when the required entity is filtered out. Either configure the navigation as optional, or define matching query filters for both entities in the navigation. See https://go.microsoft.com/fwlink/?linkid=2131316 for more information.
2026-05-16 21:30:36.501 -06:00 [WRN] Entity 'Permission' has a global query filter defined and is the required end of a relationship with the entity 'RolePermission'. This may lead to unexpected results when the required entity is filtered out. Either configure the navigation as optional, or define matching query filters for both entities in the navigation. See https://go.microsoft.com/fwlink/?linkid=2131316 for more information.
2026-05-16 21:30:36.504 -06:00 [WRN] Entity 'Role' has a global query filter defined and is the required end of a relationship with the entity 'UserRole'. This may lead to unexpected results when the required entity is filtered out. Either configure the navigation as optional, or define matching query filters for both entities in the navigation. See https://go.microsoft.com/fwlink/?linkid=2131316 for more information.
2026-05-16 21:30:37.842 -06:00 [INF] Migrations applied successfully
2026-05-16 21:31:47.652 -06:00 [INF] HTTP GET /api/print/printers responded 200 in 227.1488 ms
2026-05-16 21:31:47.691 -06:00 [INF] HTTP GET /api/print/printers responded 200 in 21.2128 ms
2026-05-16 21:31:48.809 -06:00 [INF] HTTP GET /api/print/test-preview responded 200 in 1010.9123 ms
2026-05-16 21:31:48.816 -06:00 [INF] HTTP GET /api/settings/business responded 200 in 1394.0487 ms
2026-05-16 21:31:49.079 -06:00 [INF] HTTP GET /api/settings/business responded 200 in 238.4321 ms
2026-05-16 21:31:49.924 -06:00 [INF] HTTP GET /api/print/test-preview responded 200 in 59.6949 ms
2026-05-16 21:44:20.970 -06:00 [INF] HTTP GET /api/discounts responded 401 in 26.6470 ms
2026-05-16 21:44:20.983 -06:00 [INF] HTTP GET /api/discounts responded 401 in 1.9548 ms
2026-05-16 21:44:21.125 -06:00 [INF] HTTP POST /api/auth/refresh responded 401 in 127.6403 ms
2026-05-16 21:44:21.125 -06:00 [INF] HTTP POST /api/auth/refresh responded 401 in 111.4340 ms
2026-05-16 21:44:24.855 -06:00 [WRN] Compiling a query which loads related collections for more than one collection navigation, either via 'Include' or through projection, but no 'QuerySplittingBehavior' has been configured. By default, Entity Framework will use 'QuerySplittingBehavior.SingleQuery', which can potentially result in slow query performance. See https://go.microsoft.com/fwlink/?linkid=2134277 for more information. To identify the query that's triggering this warning call 'ConfigureWarnings(w => w.Throw(RelationalEventId.MultipleCollectionIncludeWarning))'.
2026-05-16 21:44:25.030 -06:00 [INF] HTTP POST /api/auth/login responded 200 in 1259.1725 ms
2026-05-16 21:44:26.871 -06:00 [INF] HTTP GET /api/discounts responded 200 in 156.1844 ms
2026-05-16 21:44:26.883 -06:00 [INF] HTTP GET /api/discounts responded 200 in 3.9598 ms
2026-05-16 21:44:29.178 -06:00 [INF] HTTP GET /api/guests responded 200 in 131.4035 ms
2026-05-16 21:44:30.143 -06:00 [INF] HTTP GET /api/guests/019e2cb2-4a37-7a7a-8ece-d68ad7c65368/stats responded 200 in 199.7577 ms
2026-05-16 21:44:34.219 -06:00 [INF] HTTP PUT /api/guests/019e2cb2-4a37-7a7a-8ece-d68ad7c65368 responded 204 in 80.5376 ms
2026-05-16 21:44:37.993 -06:00 [INF] HTTP GET /api/rooms/available responded 200 in 197.4759 ms
2026-05-16 21:44:45.955 -06:00 [INF] HTTP POST /api/reservations responded 201 in 205.8512 ms
2026-05-16 21:44:46.405 -06:00 [INF] HTTP POST /api/reservations/checkin responded 200 in 441.6547 ms
2026-05-16 21:44:46.457 -06:00 [WRN] Compiling a query which loads related collections for more than one collection navigation, either via 'Include' or through projection, but no 'QuerySplittingBehavior' has been configured. By default, Entity Framework will use 'QuerySplittingBehavior.SingleQuery', which can potentially result in slow query performance. See https://go.microsoft.com/fwlink/?linkid=2134277 for more information. To identify the query that's triggering this warning call 'ConfigureWarnings(w => w.Throw(RelationalEventId.MultipleCollectionIncludeWarning))'.
2026-05-16 21:44:46.580 -06:00 [INF] HTTP GET /api/print/invoice/019e3409-50bf-75b9-8a6f-c428ea69eddb/preview responded 200 in 164.3677 ms
2026-05-16 21:45:11.409 -06:00 [INF] HTTP GET /api/discounts responded 200 in 5.2795 ms
2026-05-16 21:45:11.418 -06:00 [INF] HTTP GET /api/discounts responded 200 in 3.4278 ms
2026-05-16 21:45:12.892 -06:00 [INF] HTTP GET /api/reservations responded 200 in 48.4636 ms
2026-05-16 21:45:12.904 -06:00 [INF] HTTP GET /api/reservations responded 200 in 4.8510 ms
2026-05-16 21:45:14.894 -06:00 [INF] HTTP GET /api/reservations responded 200 in 31.1189 ms
2026-05-16 21:45:14.907 -06:00 [INF] HTTP GET /api/reservations responded 200 in 6.2676 ms
2026-05-16 21:45:16.534 -06:00 [INF] HTTP GET /api/invoices/search responded 200 in 127.6488 ms
2026-05-16 21:45:16.549 -06:00 [INF] HTTP GET /api/invoices/search responded 200 in 8.0608 ms
2026-05-16 21:45:24.025 -06:00 [INF] HTTP GET /api/print/invoice/019e3409-50bf-75b9-8a6f-c428ea69eddb/preview responded 200 in 78.7430 ms
2026-05-16 21:45:49.810 -06:00 [INF] HTTP GET /api/invoices/search responded 200 in 27.3274 ms
2026-05-16 21:45:54.941 -06:00 [ERR] Failed executing DbCommand (9ms) [Parameters=[@start='?' (DbType = DateTime), @end='?' (DbType = DateTime)], CommandType='"Text"', CommandTimeout='30']
SELECT i."Id", i."CAIId", i."CashChange", i."CashReceived", i."CorrelativeNumber", i."CreatedAt", i."CustomerAddress", i."CustomerId", i."CustomerName", i."DiscountsAmount", i."DocumentType", i."GuestId", i."ISVAmount", i."InvoiceDate", i."IsDeleted", i."PaymentMethod", i."RTNCliente", i."Status", i."SubTotal", i."TotalAmount", i."TouristTaxAmount", i."UpdatedAt", c0."Id", g0."Id", i1."Id", i1."CreatedAt", i1."Description", i1."DiscountPercentage", i1."ISVRate", i1."InvoiceId", i1."IsDeleted", i1."IsExempt", i1."IsTouristTaxable", i1."LineTotal", i1."Quantity", i1."UnitPrice", i1."UpdatedAt", c0."CAINumber", c0."CreatedAt", c0."CurrentCorrelative", c0."DueDate", c0."FinalRange", c0."InitialRange", c0."IsDeleted", c0."IssueDate", c0."Status", c0."UpdatedAt", g0."Classification", g0."Company", g0."CreatedAt", g0."DateOfBirth", g0."DocumentNumber", g0."DocumentType", g0."Email", g0."FirstName", g0."HasVehicle", g0."IsDeleted", g0."LastName", g0."Nationality", g0."Origin", g0."Phone", g0."Preferences", g0."RTN", g0."UpdatedAt", g0."VehiclePlate"
FROM "Invoices" AS i
INNER JOIN (
    SELECT c."Id", c."CAINumber", c."CreatedAt", c."CurrentCorrelative", c."DueDate", c."FinalRange", c."InitialRange", c."IsDeleted", c."IssueDate", c."Status", c."UpdatedAt"
    FROM "CAIs" AS c
    WHERE NOT (c."IsDeleted")
) AS c0 ON i."CAIId" = c0."Id"
LEFT JOIN (
    SELECT g."Id", g."Classification", g."Company", g."CreatedAt", g."DateOfBirth", g."DocumentNumber", g."DocumentType", g."Email", g."FirstName", g."HasVehicle", g."IsDeleted", g."LastName", g."Nationality", g."Origin", g."Phone", g."Preferences", g."RTN", g."UpdatedAt", g."VehiclePlate"
    FROM "Guests" AS g
    WHERE NOT (g."IsDeleted")
) AS g0 ON i."GuestId" = g0."Id"
LEFT JOIN (
    SELECT i0."Id", i0."CreatedAt", i0."Description", i0."DiscountPercentage", i0."ISVRate", i0."InvoiceId", i0."IsDeleted", i0."IsExempt", i0."IsTouristTaxable", i0."LineTotal", i0."Quantity", i0."UnitPrice", i0."UpdatedAt"
    FROM "InvoiceItems" AS i0
    WHERE NOT (i0."IsDeleted")
) AS i1 ON i."Id" = i1."InvoiceId"
WHERE NOT (i."IsDeleted") AND i."InvoiceDate" >= @start AND i."InvoiceDate" <= @end
ORDER BY i."Id", c0."Id", g0."Id"
2026-05-16 21:45:54.959 -06:00 [ERR] An exception occurred while iterating over the results of a query for context type 'hotel_erp.Infrastructure.Persistence.ApplicationDbContext'.
System.ArgumentException: Cannot write DateTime with Kind=Unspecified to PostgreSQL type 'timestamp with time zone', only UTC is supported. Note that it's not possible to mix DateTimes with different Kinds in an array, range, or multirange. (Parameter 'value')
   at Npgsql.Internal.Converters.DateTimeConverterResolver`1.Get(DateTime value, Nullable`1 expectedPgTypeId, Boolean validateOnly)
   at Npgsql.Internal.Converters.DateTimeConverterResolver.<>c.<CreateResolver>b__0_0(DateTimeConverterResolver`1 resolver, DateTime value, Nullable`1 expectedPgTypeId)
   at Npgsql.Internal.Converters.DateTimeConverterResolver`1.Get(T value, Nullable`1 expectedPgTypeId)
   at Npgsql.Internal.PgConverterResolver`1.GetAsObjectInternal(PgTypeInfo typeInfo, Object value, Nullable`1 expectedPgTypeId)
   at Npgsql.NpgsqlParameter.ResolveTypeInfo(PgSerializerOptions options, IDbTypeResolver dbTypeResolver)
   at Npgsql.NpgsqlParameterCollection.ProcessParameters(ReloadableState reloadableState, Boolean validateValues, CommandType commandType)
   at Npgsql.NpgsqlCommand.ExecuteReader(Boolean async, CommandBehavior behavior, CancellationToken cancellationToken)
   at Npgsql.NpgsqlCommand.ExecuteReader(Boolean async, CommandBehavior behavior, CancellationToken cancellationToken)
   at Npgsql.NpgsqlCommand.ExecuteDbDataReaderAsync(CommandBehavior behavior, CancellationToken cancellationToken)
   at Microsoft.EntityFrameworkCore.Storage.RelationalCommand.ExecuteReaderAsync(RelationalCommandParameterObject parameterObject, CancellationToken cancellationToken)
   at Microsoft.EntityFrameworkCore.Storage.RelationalCommand.ExecuteReaderAsync(RelationalCommandParameterObject parameterObject, CancellationToken cancellationToken)
   at Microsoft.EntityFrameworkCore.Query.Internal.SingleQueryingEnumerable`1.AsyncEnumerator.InitializeReaderAsync(AsyncEnumerator enumerator, CancellationToken cancellationToken)
   at Npgsql.EntityFrameworkCore.PostgreSQL.Storage.Internal.NpgsqlExecutionStrategy.ExecuteAsync[TState,TResult](TState state, Func`4 operation, Func`4 verifySucceeded, CancellationToken cancellationToken)
   at Microsoft.EntityFrameworkCore.Query.Internal.SingleQueryingEnumerable`1.AsyncEnumerator.MoveNextAsync()
System.ArgumentException: Cannot write DateTime with Kind=Unspecified to PostgreSQL type 'timestamp with time zone', only UTC is supported. Note that it's not possible to mix DateTimes with different Kinds in an array, range, or multirange. (Parameter 'value')
   at Npgsql.Internal.Converters.DateTimeConverterResolver`1.Get(DateTime value, Nullable`1 expectedPgTypeId, Boolean validateOnly)
   at Npgsql.Internal.Converters.DateTimeConverterResolver.<>c.<CreateResolver>b__0_0(DateTimeConverterResolver`1 resolver, DateTime value, Nullable`1 expectedPgTypeId)
   at Npgsql.Internal.Converters.DateTimeConverterResolver`1.Get(T value, Nullable`1 expectedPgTypeId)
   at Npgsql.Internal.PgConverterResolver`1.GetAsObjectInternal(PgTypeInfo typeInfo, Object value, Nullable`1 expectedPgTypeId)
   at Npgsql.NpgsqlParameter.ResolveTypeInfo(PgSerializerOptions options, IDbTypeResolver dbTypeResolver)
   at Npgsql.NpgsqlParameterCollection.ProcessParameters(ReloadableState reloadableState, Boolean validateValues, CommandType commandType)
   at Npgsql.NpgsqlCommand.ExecuteReader(Boolean async, CommandBehavior behavior, CancellationToken cancellationToken)
   at Npgsql.NpgsqlCommand.ExecuteReader(Boolean async, CommandBehavior behavior, CancellationToken cancellationToken)
   at Npgsql.NpgsqlCommand.ExecuteDbDataReaderAsync(CommandBehavior behavior, CancellationToken cancellationToken)
   at Microsoft.EntityFrameworkCore.Storage.RelationalCommand.ExecuteReaderAsync(RelationalCommandParameterObject parameterObject, CancellationToken cancellationToken)
   at Microsoft.EntityFrameworkCore.Storage.RelationalCommand.ExecuteReaderAsync(RelationalCommandParameterObject parameterObject, CancellationToken cancellationToken)
   at Microsoft.EntityFrameworkCore.Query.Internal.SingleQueryingEnumerable`1.AsyncEnumerator.InitializeReaderAsync(AsyncEnumerator enumerator, CancellationToken cancellationToken)
   at Npgsql.EntityFrameworkCore.PostgreSQL.Storage.Internal.NpgsqlExecutionStrategy.ExecuteAsync[TState,TResult](TState state, Func`4 operation, Func`4 verifySucceeded, CancellationToken cancellationToken)
   at Microsoft.EntityFrameworkCore.Query.Internal.SingleQueryingEnumerable`1.AsyncEnumerator.MoveNextAsync()
2026-05-16 21:45:54.966 -06:00 [ERR] HTTP GET /api/invoices/search responded 500 in 73.4247 ms
System.ArgumentException: Cannot write DateTime with Kind=Unspecified to PostgreSQL type 'timestamp with time zone', only UTC is supported. Note that it's not possible to mix DateTimes with different Kinds in an array, range, or multirange. (Parameter 'value')
   at Npgsql.Internal.Converters.DateTimeConverterResolver`1.Get(DateTime value, Nullable`1 expectedPgTypeId, Boolean validateOnly)
   at Npgsql.Internal.Converters.DateTimeConverterResolver.<>c.<CreateResolver>b__0_0(DateTimeConverterResolver`1 resolver, DateTime value, Nullable`1 expectedPgTypeId)
   at Npgsql.Internal.Converters.DateTimeConverterResolver`1.Get(T value, Nullable`1 expectedPgTypeId)
   at Npgsql.Internal.PgConverterResolver`1.GetAsObjectInternal(PgTypeInfo typeInfo, Object value, Nullable`1 expectedPgTypeId)
   at Npgsql.NpgsqlParameter.ResolveTypeInfo(PgSerializerOptions options, IDbTypeResolver dbTypeResolver)
   at Npgsql.NpgsqlParameterCollection.ProcessParameters(ReloadableState reloadableState, Boolean validateValues, CommandType commandType)
   at Npgsql.NpgsqlCommand.ExecuteReader(Boolean async, CommandBehavior behavior, CancellationToken cancellationToken)
   at Npgsql.NpgsqlCommand.ExecuteReader(Boolean async, CommandBehavior behavior, CancellationToken cancellationToken)
   at Npgsql.NpgsqlCommand.ExecuteDbDataReaderAsync(CommandBehavior behavior, CancellationToken cancellationToken)
   at Microsoft.EntityFrameworkCore.Storage.RelationalCommand.ExecuteReaderAsync(RelationalCommandParameterObject parameterObject, CancellationToken cancellationToken)
   at Microsoft.EntityFrameworkCore.Storage.RelationalCommand.ExecuteReaderAsync(RelationalCommandParameterObject parameterObject, CancellationToken cancellationToken)
   at Microsoft.EntityFrameworkCore.Query.Internal.SingleQueryingEnumerable`1.AsyncEnumerator.InitializeReaderAsync(AsyncEnumerator enumerator, CancellationToken cancellationToken)
   at Npgsql.EntityFrameworkCore.PostgreSQL.Storage.Internal.NpgsqlExecutionStrategy.ExecuteAsync[TState,TResult](TState state, Func`4 operation, Func`4 verifySucceeded, CancellationToken cancellationToken)
   at Microsoft.EntityFrameworkCore.Query.Internal.SingleQueryingEnumerable`1.AsyncEnumerator.MoveNextAsync()
   at Microsoft.EntityFrameworkCore.EntityFrameworkQueryableExtensions.ToListAsync[TSource](IQueryable`1 source, CancellationToken cancellationToken)
   at Microsoft.EntityFrameworkCore.EntityFrameworkQueryableExtensions.ToListAsync[TSource](IQueryable`1 source, CancellationToken cancellationToken)
   at hotel_erp.Infrastructure.Persistence.Repositories.InvoiceRepository.GetByDateRangeAsync(DateTime start, DateTime end) in C:\projects\erp-ia\hotel-erp\backend\src\hotel-erp.Infrastructure\Persistence\Repositories\InvoiceRepository.cs:line 29
   at hotel_erp.Api.Controllers.InvoicesController.Search(String dni, Nullable`1 start, Nullable`1 end) in C:\projects\erp-ia\hotel-erp\backend\src\hotel-erp.Api\Controllers\InvoicesController.cs:line 52
   at lambda_method2738(Closure, Object)
   at Microsoft.AspNetCore.Mvc.Infrastructure.ActionMethodExecutor.AwaitableObjectResultExecutor.Execute(ActionContext actionContext, IActionResultTypeMapper mapper, ObjectMethodExecutor executor, Object controller, Object[] arguments)
   at Microsoft.AspNetCore.Mvc.Infrastructure.ControllerActionInvoker.<InvokeActionMethodAsync>g__Awaited|12_0(ControllerActionInvoker invoker, ValueTask`1 actionResultValueTask)
   at Microsoft.AspNetCore.Mvc.Infrastructure.ControllerActionInvoker.<InvokeNextActionFilterAsync>g__Awaited|10_0(ControllerActionInvoker invoker, Task lastTask, State next, Scope scope, Object state, Boolean isCompleted)
   at Microsoft.AspNetCore.Mvc.Infrastructure.ControllerActionInvoker.Rethrow(ActionExecutedContextSealed context)
   at Microsoft.AspNetCore.Mvc.Infrastructure.ControllerActionInvoker.Next(State& next, Scope& scope, Object& state, Boolean& isCompleted)
   at Microsoft.AspNetCore.Mvc.Infrastructure.ControllerActionInvoker.InvokeInnerFilterAsync()
--- End of stack trace from previous location ---
   at Microsoft.AspNetCore.Mvc.Infrastructure.ResourceInvoker.<InvokeFilterPipelineAsync>g__Awaited|20_0(ResourceInvoker invoker, Task lastTask, State next, Scope scope, Object state, Boolean isCompleted)
   at Microsoft.AspNetCore.Mvc.Infrastructure.ResourceInvoker.<InvokeAsync>g__Awaited|17_0(ResourceInvoker invoker, Task task, IDisposable scope)
   at Microsoft.AspNetCore.Mvc.Infrastructure.ResourceInvoker.<InvokeAsync>g__Awaited|17_0(ResourceInvoker invoker, Task task, IDisposable scope)
   at Microsoft.AspNetCore.Authorization.AuthorizationMiddleware.Invoke(HttpContext context)
   at Microsoft.AspNetCore.Authentication.AuthenticationMiddleware.Invoke(HttpContext context)
   at Serilog.AspNetCore.RequestLoggingMiddleware.Invoke(HttpContext httpContext)
2026-05-16 21:45:55.017 -06:00 [ERR] An unhandled exception has occurred while executing the request.
System.ArgumentException: Cannot write DateTime with Kind=Unspecified to PostgreSQL type 'timestamp with time zone', only UTC is supported. Note that it's not possible to mix DateTimes with different Kinds in an array, range, or multirange. (Parameter 'value')
   at Npgsql.Internal.Converters.DateTimeConverterResolver`1.Get(DateTime value, Nullable`1 expectedPgTypeId, Boolean validateOnly)
   at Npgsql.Internal.Converters.DateTimeConverterResolver.<>c.<CreateResolver>b__0_0(DateTimeConverterResolver`1 resolver, DateTime value, Nullable`1 expectedPgTypeId)
   at Npgsql.Internal.Converters.DateTimeConverterResolver`1.Get(T value, Nullable`1 expectedPgTypeId)
   at Npgsql.Internal.PgConverterResolver`1.GetAsObjectInternal(PgTypeInfo typeInfo, Object value, Nullable`1 expectedPgTypeId)
   at Npgsql.NpgsqlParameter.ResolveTypeInfo(PgSerializerOptions options, IDbTypeResolver dbTypeResolver)
   at Npgsql.NpgsqlParameterCollection.ProcessParameters(ReloadableState reloadableState, Boolean validateValues, CommandType commandType)
   at Npgsql.NpgsqlCommand.ExecuteReader(Boolean async, CommandBehavior behavior, CancellationToken cancellationToken)
   at Npgsql.NpgsqlCommand.ExecuteReader(Boolean async, CommandBehavior behavior, CancellationToken cancellationToken)
   at Npgsql.NpgsqlCommand.ExecuteDbDataReaderAsync(CommandBehavior behavior, CancellationToken cancellationToken)
   at Microsoft.EntityFrameworkCore.Storage.RelationalCommand.ExecuteReaderAsync(RelationalCommandParameterObject parameterObject, CancellationToken cancellationToken)
   at Microsoft.EntityFrameworkCore.Storage.RelationalCommand.ExecuteReaderAsync(RelationalCommandParameterObject parameterObject, CancellationToken cancellationToken)
   at Microsoft.EntityFrameworkCore.Query.Internal.SingleQueryingEnumerable`1.AsyncEnumerator.InitializeReaderAsync(AsyncEnumerator enumerator, CancellationToken cancellationToken)
   at Npgsql.EntityFrameworkCore.PostgreSQL.Storage.Internal.NpgsqlExecutionStrategy.ExecuteAsync[TState,TResult](TState state, Func`4 operation, Func`4 verifySucceeded, CancellationToken cancellationToken)
   at Microsoft.EntityFrameworkCore.Query.Internal.SingleQueryingEnumerable`1.AsyncEnumerator.MoveNextAsync()
   at Microsoft.EntityFrameworkCore.EntityFrameworkQueryableExtensions.ToListAsync[TSource](IQueryable`1 source, CancellationToken cancellationToken)
   at Microsoft.EntityFrameworkCore.EntityFrameworkQueryableExtensions.ToListAsync[TSource](IQueryable`1 source, CancellationToken cancellationToken)
   at hotel_erp.Infrastructure.Persistence.Repositories.InvoiceRepository.GetByDateRangeAsync(DateTime start, DateTime end) in C:\projects\erp-ia\hotel-erp\backend\src\hotel-erp.Infrastructure\Persistence\Repositories\InvoiceRepository.cs:line 29
   at hotel_erp.Api.Controllers.InvoicesController.Search(String dni, Nullable`1 start, Nullable`1 end) in C:\projects\erp-ia\hotel-erp\backend\src\hotel-erp.Api\Controllers\InvoicesController.cs:line 52
   at lambda_method2738(Closure, Object)
   at Microsoft.AspNetCore.Mvc.Infrastructure.ActionMethodExecutor.AwaitableObjectResultExecutor.Execute(ActionContext actionContext, IActionResultTypeMapper mapper, ObjectMethodExecutor executor, Object controller, Object[] arguments)
   at Microsoft.AspNetCore.Mvc.Infrastructure.ControllerActionInvoker.<InvokeActionMethodAsync>g__Awaited|12_0(ControllerActionInvoker invoker, ValueTask`1 actionResultValueTask)
   at Microsoft.AspNetCore.Mvc.Infrastructure.ControllerActionInvoker.<InvokeNextActionFilterAsync>g__Awaited|10_0(ControllerActionInvoker invoker, Task lastTask, State next, Scope scope, Object state, Boolean isCompleted)
   at Microsoft.AspNetCore.Mvc.Infrastructure.ControllerActionInvoker.Rethrow(ActionExecutedContextSealed context)
   at Microsoft.AspNetCore.Mvc.Infrastructure.ControllerActionInvoker.Next(State& next, Scope& scope, Object& state, Boolean& isCompleted)
   at Microsoft.AspNetCore.Mvc.Infrastructure.ControllerActionInvoker.InvokeInnerFilterAsync()
--- End of stack trace from previous location ---
   at Microsoft.AspNetCore.Mvc.Infrastructure.ResourceInvoker.<InvokeFilterPipelineAsync>g__Awaited|20_0(ResourceInvoker invoker, Task lastTask, State next, Scope scope, Object state, Boolean isCompleted)
   at Microsoft.AspNetCore.Mvc.Infrastructure.ResourceInvoker.<InvokeAsync>g__Awaited|17_0(ResourceInvoker invoker, Task task, IDisposable scope)
   at Microsoft.AspNetCore.Mvc.Infrastructure.ResourceInvoker.<InvokeAsync>g__Awaited|17_0(ResourceInvoker invoker, Task task, IDisposable scope)
   at Microsoft.AspNetCore.Authorization.AuthorizationMiddleware.Invoke(HttpContext context)
   at Microsoft.AspNetCore.Authentication.AuthenticationMiddleware.Invoke(HttpContext context)
   at Serilog.AspNetCore.RequestLoggingMiddleware.Invoke(HttpContext httpContext)
   at Microsoft.AspNetCore.Diagnostics.DeveloperExceptionPageMiddlewareImpl.Invoke(HttpContext context)
2026-05-16 21:46:02.932 -06:00 [INF] HTTP GET /api/print/invoice/019e31fd-70f9-7ba4-95db-8d4f515a9092/preview responded 200 in 40.0688 ms
2026-05-16 21:46:03.773 -06:00 [INF] HTTP GET /api/print/invoice/019e31fd-f3e9-7e86-a881-e1d29ab7dacc/preview responded 200 in 48.3501 ms
2026-05-16 21:46:08.764 -06:00 [INF] HTTP GET /api/print/invoice/019e323f-c7b2-70ca-9b61-fe9d458fd2d2/preview responded 200 in 43.2008 ms
2026-05-16 21:46:09.671 -06:00 [INF] HTTP GET /api/print/invoice/019e3220-1e94-7d9e-995a-39e0dfe62326/preview responded 200 in 43.9782 ms
2026-05-16 21:46:10.423 -06:00 [INF] HTTP GET /api/print/invoice/019e3220-1e94-7d9e-995a-39e0dfe62326/preview responded 200 in 42.3631 ms
2026-05-16 21:46:11.134 -06:00 [INF] HTTP GET /api/print/invoice/019e323f-c7b2-70ca-9b61-fe9d458fd2d2/preview responded 200 in 69.5022 ms
2026-05-16 21:46:12.231 -06:00 [INF] HTTP GET /api/print/invoice/019e3409-50bf-75b9-8a6f-c428ea69eddb/preview responded 200 in 62.4510 ms
2026-05-16 21:46:13.223 -06:00 [INF] HTTP GET /api/print/invoice/019e33ce-e1f7-70bd-89dc-9f160db0e986/preview responded 200 in 66.6456 ms
2026-05-16 21:46:18.128 -06:00 [INF] HTTP GET /api/print/invoice/019e33ce-e1f7-70bd-89dc-9f160db0e986/preview responded 200 in 42.9886 ms
2026-05-16 21:46:18.819 -06:00 [INF] HTTP GET /api/print/invoice/019e3409-50bf-75b9-8a6f-c428ea69eddb/preview responded 200 in 54.2884 ms
2026-05-16 21:46:20.694 -06:00 [INF] HTTP GET /api/print/invoice/019e33ce-e1f7-70bd-89dc-9f160db0e986/preview responded 200 in 37.1934 ms
2026-05-16 21:46:21.562 -06:00 [INF] HTTP GET /api/print/invoice/019e33ce-e1f7-70bd-89dc-9f160db0e986/preview responded 200 in 45.4154 ms
2026-05-16 21:46:22.084 -06:00 [INF] HTTP GET /api/print/invoice/019e3294-27e0-773a-99b3-0255a78214a9/preview responded 200 in 41.8147 ms
2026-05-16 21:46:22.944 -06:00 [INF] HTTP GET /api/print/invoice/019e3254-e104-7d0c-8c2d-fd112387f653/preview responded 200 in 45.9091 ms
2026-05-16 21:50:54.004 -06:00 [INF] HTTP GET /api/invoices/search responded 200 in 76.6398 ms
2026-05-16 21:50:54.018 -06:00 [INF] HTTP GET /api/invoices/search responded 200 in 7.5705 ms
2026-05-16 21:50:56.984 -06:00 [INF] HTTP GET /api/print/invoice/019e2e3b-47b7-7477-9368-45e150202706/preview responded 200 in 51.9501 ms
2026-05-16 21:51:00.235 -06:00 [INF] HTTP GET /api/print/invoice/019e2e3b-47b7-7477-9368-45e150202706/preview responded 200 in 42.6415 ms
2026-05-16 21:51:01.339 -06:00 [INF] HTTP GET /api/print/invoice/019e2eea-7ff6-708c-9cde-30e0fe55b9a6/preview responded 200 in 43.8797 ms
2026-05-16 21:51:02.302 -06:00 [INF] HTTP GET /api/print/invoice/019e2e3b-47b7-7477-9368-45e150202706/preview responded 200 in 49.6441 ms
2026-05-16 21:51:03.700 -06:00 [INF] HTTP GET /api/print/invoice/019e2f04-3eb2-770d-a35b-a60b56583c12/preview responded 200 in 43.4424 ms
2026-05-16 21:51:04.335 -06:00 [INF] HTTP GET /api/print/invoice/019e2f0c-c404-74bb-8f8f-11fbaa181fb5/preview responded 200 in 44.3210 ms
2026-05-16 21:51:05.075 -06:00 [INF] HTTP GET /api/print/invoice/019e3141-9c3c-784a-899e-88d9f5129e5d/preview responded 200 in 78.6245 ms
2026-05-16 21:51:05.849 -06:00 [INF] HTTP GET /api/print/invoice/019e31a1-0037-7148-8623-a65ada138bf9/preview responded 200 in 39.2653 ms
2026-05-16 21:51:06.963 -06:00 [INF] HTTP GET /api/print/invoice/019e31e2-b0a2-7bd4-ac5e-744fdbfca86f/preview responded 200 in 44.8993 ms
2026-05-16 21:51:07.704 -06:00 [INF] HTTP GET /api/print/invoice/019e31b8-cf0d-78da-9590-f1087c26b552/preview responded 200 in 45.0565 ms
2026-05-16 21:51:08.363 -06:00 [INF] HTTP GET /api/print/invoice/019e31fd-70f9-7ba4-95db-8d4f515a9092/preview responded 200 in 37.0360 ms
2026-05-16 21:51:08.881 -06:00 [INF] HTTP GET /api/print/invoice/019e31fd-f3e9-7e86-a881-e1d29ab7dacc/preview responded 200 in 41.8740 ms
2026-05-16 21:51:09.700 -06:00 [INF] HTTP GET /api/print/invoice/019e3220-1e94-7d9e-995a-39e0dfe62326/preview responded 200 in 50.8864 ms
2026-05-16 21:51:10.195 -06:00 [INF] HTTP GET /api/print/invoice/019e323f-c7b2-70ca-9b61-fe9d458fd2d2/preview responded 200 in 36.3112 ms
2026-05-16 21:51:11.235 -06:00 [INF] HTTP GET /api/print/invoice/019e3294-27e0-773a-99b3-0255a78214a9/preview responded 200 in 39.7520 ms
2026-05-16 21:51:11.778 -06:00 [INF] HTTP GET /api/print/invoice/019e33ce-e1f7-70bd-89dc-9f160db0e986/preview responded 200 in 42.0522 ms
2026-05-16 21:51:12.504 -06:00 [INF] HTTP GET /api/print/invoice/019e3409-50bf-75b9-8a6f-c428ea69eddb/preview responded 200 in 43.0775 ms
2026-05-16 21:51:14.782 -06:00 [INF] HTTP GET /api/print/invoice/019e3409-50bf-75b9-8a6f-c428ea69eddb/preview responded 200 in 43.7409 ms
2026-05-16 21:51:15.933 -06:00 [INF] HTTP GET /api/print/invoice/019e33ce-e1f7-70bd-89dc-9f160db0e986/preview responded 200 in 64.6997 ms
2026-05-16 21:51:16.723 -06:00 [INF] HTTP GET /api/print/invoice/019e3409-50bf-75b9-8a6f-c428ea69eddb/preview responded 200 in 48.3801 ms
2026-05-16 21:51:18.397 -06:00 [INF] HTTP GET /api/print/invoice/019e33ce-e1f7-70bd-89dc-9f160db0e986/preview responded 200 in 41.3154 ms
2026-05-16 21:51:19.252 -06:00 [INF] HTTP GET /api/print/invoice/019e3409-50bf-75b9-8a6f-c428ea69eddb/preview responded 200 in 39.3382 ms
2026-05-16 21:51:20.621 -06:00 [INF] HTTP GET /api/print/invoice/019e33ce-e1f7-70bd-89dc-9f160db0e986/preview responded 200 in 38.9253 ms
2026-05-16 21:51:21.419 -06:00 [INF] HTTP GET /api/print/invoice/019e3409-50bf-75b9-8a6f-c428ea69eddb/preview responded 200 in 40.1339 ms
2026-05-16 21:51:22.730 -06:00 [INF] HTTP GET /api/print/invoice/019e33ce-e1f7-70bd-89dc-9f160db0e986/preview responded 200 in 38.8293 ms
2026-05-16 21:51:23.719 -06:00 [INF] HTTP GET /api/print/invoice/019e3409-50bf-75b9-8a6f-c428ea69eddb/preview responded 200 in 37.9958 ms
2026-05-16 21:55:16.098 -06:00 [INF] HTTP GET /api/print/invoice/019e3409-50bf-75b9-8a6f-c428ea69eddb/preview responded 200 in 45.8995 ms
2026-05-16 21:55:17.201 -06:00 [INF] HTTP GET /api/print/invoice/019e3409-50bf-75b9-8a6f-c428ea69eddb/preview responded 200 in 38.2092 ms
2026-05-16 21:55:17.928 -06:00 [INF] HTTP GET /api/print/invoice/019e3409-50bf-75b9-8a6f-c428ea69eddb/preview responded 200 in 45.5345 ms
2026-05-16 21:56:15.533 -06:00 [INF] Starting Hotel ERP API
2026-05-16 21:56:17.079 -06:00 [WRN] Entity 'User' has a global query filter defined and is the required end of a relationship with the entity 'RefreshToken'. This may lead to unexpected results when the required entity is filtered out. Either configure the navigation as optional, or define matching query filters for both entities in the navigation. See https://go.microsoft.com/fwlink/?linkid=2131316 for more information.
2026-05-16 21:56:17.087 -06:00 [WRN] Entity 'Permission' has a global query filter defined and is the required end of a relationship with the entity 'RolePermission'. This may lead to unexpected results when the required entity is filtered out. Either configure the navigation as optional, or define matching query filters for both entities in the navigation. See https://go.microsoft.com/fwlink/?linkid=2131316 for more information.
2026-05-16 21:56:17.089 -06:00 [WRN] Entity 'Role' has a global query filter defined and is the required end of a relationship with the entity 'UserRole'. This may lead to unexpected results when the required entity is filtered out. Either configure the navigation as optional, or define matching query filters for both entities in the navigation. See https://go.microsoft.com/fwlink/?linkid=2131316 for more information.
2026-05-16 21:56:18.448 -06:00 [INF] Migrations applied successfully
2026-05-16 21:58:43.741 -06:00 [INF] HTTP GET /api/invoices/search responded 200 in 1094.6751 ms
2026-05-16 21:58:43.913 -06:00 [INF] HTTP GET /api/invoices/search responded 200 in 163.4575 ms
2026-05-16 21:58:46.571 -06:00 [WRN] Compiling a query which loads related collections for more than one collection navigation, either via 'Include' or through projection, but no 'QuerySplittingBehavior' has been configured. By default, Entity Framework will use 'QuerySplittingBehavior.SingleQuery', which can potentially result in slow query performance. See https://go.microsoft.com/fwlink/?linkid=2134277 for more information. To identify the query that's triggering this warning call 'ConfigureWarnings(w => w.Throw(RelationalEventId.MultipleCollectionIncludeWarning))'.
2026-05-16 21:58:46.828 -06:00 [INF] HTTP GET /api/print/invoice/019e3409-50bf-75b9-8a6f-c428ea69eddb/preview responded 200 in 315.2937 ms
